id,type,title,body,decision
032uj6,post,gif test,"*hello* **world**. type away your post, in <u>markdown</u>.",approved
9dlwg0ys,comment,,night,approved
wysutsr5,comment,,good night everyone,approved
08alw2,post,Mid sems se boht fat rahi hai,Kal se exams hai aur kuch padhai nahi hui hai 🥶,approved
1u199qmu,comment,,yelo gyaan chodu aa gaye,flagged
36vxyr8t,comment,,Sahi me,approved
742vch36,comment,,remember the less you know the better,approved
a5iv3zsd,comment,,Gaand fate to fate navabi n ghate,approved
b0v80m5o,comment,,"this post is intended for testing purpose only its just devs fighting in here we are real men, we test in prod",approved
gyvc7tzf,comment,,Haa,approved
j14bxnpx,comment,,test3,approved
j23takxy,comment,,What is this?,approved
ndul81s6,comment,,Blah,approved
t3do5kol,comment,,hello,approved
u1tsz9yo,comment,,"let it happen, we ball",approved
ybpqetin,comment,,Test 2,approved
0a4gsd,post,....,I m enjoying the toxicity here! Everyone's spilling their acid in EveryNyan lol,approved
6ocwj2o3,comment,,achha bete boht maje le rahe he ho,approved
7w5odgii,comment,,sabhyata ma rahi ne vaat karo bapu ,approved
wtejx5d3,comment,,Haanji,approved
0equ2n,post,RR,Why does all the guys around here just wanna fuck around&#x20;,approved
3voz1r0b,comment,,What else are you hoping for,approved
dt5xiqgi,comment,,throwback to https://everynyan.tech/post/I_hate_boys_in_our_c_q5bwwb,approved
p7y74egu,comment,,Cause they wanna find out,approved
14g6gm,post,Adult Cosplays are best 🤤,I like adult cosplay so badlyy..are there anyone who likes adult cosplays?&#x20;,approved
0ys4olku,comment,,There's no better cosplay than high school dxd 😉 😭 😂,approved
45h05t6q,comment,,😭 grow up bro ,approved
jxell5a2,comment,,I fw one piece cosplays 🤤,approved
lemm4lvf,comment,,Genshin Impact & Tsunade   Cosplays 💥,approved
lifvrz0y,comment,,😭 grow up bro ,approved
n3uoqcz3,comment,,ikr ... i follow em all,approved
ydi5epiz,comment,,reddit has very good communities for cosplays 😆,approved
17308g,post,bhai i like nirav but he likes arch 😔,"*hello* **world**. type away your post, in <u>markdown</u>.",approved
3so2q8yu,comment,,dust cinch jdjdnsjndjdjhjdnndn dust cinch jdjdnsjndjdjhjdnndn dust cinch jdjdnsjndjdjhjdnndn dust cinch dust cinch jdjdnsjndjdjhjdnndn dust cinch jdjdnsjndjdjhjdnndn dust cinch jdjdnsjndjdjhjdnndn jdjdnsjndjdjhjdnndn dust cinch jdjdnsjndjdjhjdnndn dust cinch jdjdnsjndjdjhjdnndn dust cinch jdjdnsjndjdjhjdnndn dust cinch jdjdnsjndjdjhjdnndn dust cinch jdjdnsjndjdjhjdnndn,flagged
7p7n7akd,comment,,yeh superiority complex of using arch will make him die alone,approved
7sd8nr3q,comment,,"Bewafa bhi hai Distro jaise tumhe bhi change kar dega",approved
fpx5ewh2,comment,,lingan guli guli wacha lingangu,approved
h9ag7y1j,comment,,"yeah tbh im not deserving of a relationship i already fucked my life enough, don't want to burden anyone else tbh",approved
ihechgz9,comment,,"how about you get tapped, fedora user",approved
iuxu35nq,comment,,lingan guli guli wacha lingangu,approved
jwqdvem0,comment,,"nuh uh, im scared of women🚶",approved
mwign2nl,comment,,stfu,flagged
sql2ybie,comment,,stfu ubuntu user,flagged
1hdfly,post,hello,this is a demo***<u> post</u>***,approved
1hnluq,post,Testing ,"*hello* **world**. type away your post, in <u>markdown</u>.",approved
1i7rax,post,I am legit seeing a shit guy trying for a fresher ,"I am in Library. I saw a guy asking one of his friend to get Insta of a fresher and I know that guy he is a pathetic person and he had some issues with some girl from ict&#x20; I have also seen that fresher girl in Library a lot and I pray to god for saving that girl from that guy🙏",approved
1k7vgf,post,Varan Antal pookie,Varan if you are reading this I find you attractive I have seen you smoking near shoppers and even I want to join can we go on smoking date🚬🚬🚬🥺 on 24th&#x20;,approved
kss6yhdk,comment,,Sure let's call a date on Monday?,approved
1mr1ol,post,Het jethva,I have crush on her jethva I have seen many times in mcd. can we go on mcd date on Tuesday your face is cute,approved
koat5nc0,comment,,Het jethva you cutie😍😍,approved
qtn7cu1z,comment,,lets go on a throuple date,approved
rn87ysdx,comment,,het jesa acha naam ki vaat lagake confess kar rahe hai ye,approved
s0eu3g9e,comment,,Char chavanni ghode pe jethva bhai lode pe🚬🚬,flagged
vblzkcwj,comment,,jethva babby😘,flagged
zvgpqn26,comment,,meet madarchod,flagged
1uuo54,post,tats (something about tatoos),"*Yeah ik tats needs to have some meaning.* *But why only the meaning anyone else made? Why not have something drawn on your body , having your own personalized meaning. It should be your personal represention of you , your life, your perspectives, your love to somethingor maybe your personal favourite piece of art.*",approved
3df4dltq,comment,,"log waisa bhi karte hai 
it depends on yourselves how do you want ur tattoo to be 
koyi avi ne nayi puche ke te tat kem karavyu ane su meaning che. ane agar koyi puche che to that means that person is genuinely interested in u ",approved
kt5teboa,comment,,Nah I don't fw tattoos ,approved
26hmh3,post,Darsh Mahadevia mcd date?,"*hello* **world**. type away your post, in <u>markdown</u>.",approved
866y3o4w,comment,,A guy asking out a guy and the comments being from guys too...,approved
etcfzjm4,comment,,Bro atleast put some efforts while asking for the date ,approved
eyhqjwp9,comment,,Mcd date but you pay (highest level of effort i can put ),approved
n9qx9g74,comment,,darsh is so hot in this haircut,approved
ricriukt,comment,,Please 🥺🥺🥺 ,approved
rp49eubw,comment,,Funny thing is you won't know if he's rly saying yes or no down here lol ,approved
tz2aj0m6,comment,,Will you come with me then?😘😘,approved
z2xs0yk8,comment,,Eww no,approved
zohb6moz,comment,,Friday @1:00 pm I had made many eye contact but you didn't responded well,approved
26zz9e,post,timepass,COYS,approved
8w1z29gm,comment,,KUDUS,approved
wpztxl0g,comment,,MGW,flagged
28evb2,post,Nalle 4th year vale,"Bhai jo fourth year valo ki internship nai lagi vo idhar time pass karne aa rhe he Aspire me bada banne k liye, bhai kuch acha karke inspire hi kardo juniors ko&#x20;",approved
bcfqla4f,comment,,berozgaar hoge 😹😹,approved
xl81yekn,comment,,Kya faayda 4th year me aake bhi 10 kt ho,approved
xvx7t6n8,comment,,"atleast wo 4th year tak to aye he. teri tara 5 kt leke nai bethe🤡",approved
2a34rc,post,yap ,Ded hai bhai (mar gaya platform ),approved
598m3wig,comment,,"aspire me milking kro 
",approved
2cd5p5,post,bkl new friends,"bkl, kutte hai nye dost.....breeding krke bhaag jaate hai, kaam padta hai tab hi aate hai, acche dost kab milenge 😭 chumtmarike sab k sab",flagged
98cjmjys,comment,,Bro is clearly challenging the most fundamental activity 🏃💨,approved
iixipbnv,comment,,shut the fuck up,flagged
qztnenzf,comment,,"Maybe the real friend is just you🙃 Toughen up princess ",approved
wvkffpcm,comment,,How do you know it's princess.  ,approved
yk2lqox2,comment,,breeding is crazy,approved
2ie5lj,post,Attention whore🤡🤡,There is this girl who keeps playing w me. She sends me reel and tryna seek my attention and puts me in close friends and shares reel or smth but barely talks and here comes the best part she does ts with 5 different guys. It's just me alpha skibidi guy what if it were some stupid emo guy. Don't do that huzz ts pmo😡😡😡,flagged
0tforvan,comment,,Bro I think I know this girl,approved
4x722rc7,comment,,"I know this girl, i think she likes cats",approved
7mpmzwkb,comment,,Lmao real ,approved
8g8gs5u7,comment,,wanna be sallu bhai :),approved
gs8urbgw,comment,,Don't drag cats in this,approved
lyps03l9,comment,,how i he reacting to this,approved
qfn1tn8b,comment,,chutiye lode it's selmon bhai,flagged
r19x99c5,comment,,"who is this girl ?",approved
2tjpey,post,Denish loves krupa,"*hello* **world**. type away your post, in <u>markdown</u>.",approved
315pqz,post,"this one's good, found it on instagram","***मैंने इतना देखा, इतना देखा, जितना देखा जा सकता था। मगर दो आँखों से कितना ही देखा जा सकता था।***",approved
03gde33k,comment,,Bro cooked with this one🔥🔥,approved
3lnuszui,comment,,More like bro is cooked lmao,approved
erd7ua33,comment,,just like you are to your parents 😞,approved
p7ym16bj,comment,,Boom roasted 🔥💯,approved
pgce2yxs,comment,,"Agreed. Shayari as a concept is itself cringe.",approved
wsezlsd6,comment,,This board was a mistake,approved
yb13qxby,comment,,cringe kys you son of a simp,flagged
35k7vl,post,Regarding the akshat consipracy,"Akshat from CSE-A is a good person in my opinion. Pls dont post bad about him, hes my pookie. Plus he already has a girlfriend so dont target him 😡😡👅",approved
3pzpin,post,how to show here that you lover her ?,"let her go, strongest and purest form of love. muft ka gyaan",approved
0wljjoy2,comment,,This makes zero sense,approved
8dubqg0v,comment,,wtf?!,flagged
d0pt3tai,comment,,like your grandparents cleaned toilets for britishers ,approved
dwzjw4iz,comment,,How about I put my dingdong in your tralalala🍆🍑🤤💦,flagged
ejbg7962,comment,,ok baapu,approved
jjuhib0z,comment,,Work in a cotton field ,approved
kyjlanlx,comment,,"nigga what you tryna say ?",flagged
u2bt4kg2,comment,,Imma kms than using this platform ever again what kind of toxic people are these👎👎,flagged
v685s9e5,comment,,Ja ne loda,flagged
xq30hdf6,comment,,"it will, once you go through this son",approved
3xeq2l,post,Mashriq,"Maana ki teri deed ke kabil nahi hun main, Tu mera shauk to dekh mera intezar dekh",approved
3u0pwccl,comment,,Na munna na,approved
hnkg8inw,comment,,Huh?,approved
ru8t7jxy,comment,,"Thukra ke mera pyar Mera inteqam dekhegi. Aisi vibes aayi post se",approved
t5mco8m2,comment,,You're not getting the meaning of it it's very deep brother ,approved
3z360u,post,I like small heighted gurls🥰,I have a huge crush on priyanshi naghera from ict 2nd year. She is very cute🫠🫣,approved
8ialipbn,comment,,"yeh dekho....love-pyaar waste hai, apna haath best hai",approved
bw6pob8z,comment,,Lob ya too Supali😗,approved
cezc8llm,comment,,"dekho deko kese peche ladaye ja rahe lmao ",approved
eyhj4ilk,comment,,Luv too priyanshi😍,approved
478iy5,post,Sad But true ,"*IIT huani*&#x20; *NIT Milani*&#x20; *Costly Hai Bits Pilani* *Therefore student of Adani*",approved
4ik6d4,post,Faxx,"Guys let's be honest we all know that Jal is gonna win Aspire'25. It has many ex-leaders which are capable and determined and also many good players/athletes&#x20; Others groups don't stand any chance..👅",approved
hezld4cn,comment,,Nature's reference?,approved
qz5b8eir,comment,,I think bro got wet from jal 💦💦,flagged
4jhzc4,post,DEAD ,"Just like ASPDC Discord, this server's also gonna die very soon, I m feeling it....",approved
9eejljo3,comment,,Ja na lawde,flagged
t03ik389,comment,,"Computer science liya hai itna toh basic knowledge hona chahiye tha it's not a server....I think before this SERVER your CAREER is gonna die ",approved
ug7olr43,comment,,Oh this is not a server you dumbfuck,flagged
4sesgf,post,Kis color ki chaddi pehne ho ??,*S*ab log bata dona plss.... 💦💋💋,flagged
1d11a0gf,comment,,Nahi pehni ho to bhi chalega,approved
a33ofdwk,comment,,green ,approved
d4epu0qc,comment,,me nahi bataunga,approved
jofkduqg,comment,,blue,approved
uaa3zvc4,comment,,pink,approved
xg61az34,comment,,Pehli tum apni batao 👄💋,approved
5ftiwn,post,Kanchie's crush,Ik saahil dhadhania cse 3rd yr is your crush,approved
652lgtw4,comment,,Blackmail ka attempt fail,approved
5hpsfc,post,Shlawg or dawg ,"Opinions ?&#x20; You choose shlawg Or dawg ?? Also state the reasons&#x20;",approved
20g4trx8,comment,,Nigga doesn't understand irony. Mc,flagged
2guhrwlq,comment,,Joke ki gand mardi diddy style ,flagged
7p6fdu1e,comment,,Oil up lil bro,flagged
9vc2kb98,comment,,"That's true but currently dharampal is preparing himself and his group for the world championship. I am sure they will come out on top. Proud moment for India. Jai hind 🇮🇪",approved
bo47yts8,comment,,Because dharampal is the group leader of indian dawgs community and after dharampal tiku sahu is next in order,approved
e0s3h63b,comment,,Abe landbhagat vo Ireland ka flag hai,flagged
is1otxep,comment,,None of the above. I would choose dharampal and if not dharampal then tiku sahu,approved
j05vpuny,comment,,Could you please state your reasons ,approved
rg43zmpk,comment,,"Schlawg is the hill I am willing to die on, nobody else would be able to erect my dick",approved
rmcyhl3q,comment,,"But if we look at global level shlawg and dawg are leading the pack, so I feel Dharamraj and tiku sahu have a long way to go to be able to compete with shlawg and dawg ",approved
wtryw7m9,comment,,Oh I hate ni-,approved
xh3a5zff,comment,,why so serious?,approved
z50io3jl,comment,,Quahog,approved
67kkwl,post,Vishwa is mid ,Overrated. I don't understand the hype around her.,flagged
18ss6ryc,comment,,How tf you rate someone? they aren't an object 😑,approved
72g1igah,comment,,Then what is mid and all ? Are you taking everything at face value?,approved
9bqpvmxf,comment,,"uwhatm8, are you gender blind or what ?",approved
a5g0zs4v,comment,,Idhar se accha bahar hi mil jayenge,approved
e94w42gi,comment,,Just wanted to clarify that I meant Vishwa (boy) from 2nd year ICT. ,approved
ehxzbtg0,comment,,Plot twist,approved
fl20suh4,comment,,Noooo 😭,approved
ga7b1tea,comment,,Best option don't date or dream about dating in Adani 🫡,approved
gi3xt2x6,comment,,Never rated her,approved
lrw25q0p,comment,,"Just wanted to clarify that I meant Vishwa (boy) from 2nd year ICT. 

",approved
sl9odfzs,comment,,Crazy,approved
xpp6o8hg,comment,,so now ppl have also objectifying guys ,approved
zajs9mpm,comment,,"Bhai/behen lagta hai attention nahi mil rahi tujhe 

",approved
6b2ko4,post,That 3rd year senior. Agli bar eye-contact hua aur tumne smile kiya to...,"Can somebody tell me the name of third year senior. He smart looking, average height, a bit bulky. I mostly see him hanging out with Helie's grp or with boys. He's always with someone.&#x20;",approved
0qcfjppy,comment,,No he is morbi ki rand,flagged
71112pow,comment,,I don't know,approved
8ty46n6i,comment,,Vapas aa jao 😭,approved
9my4wj96,comment,,You guys suck. I asked around to my senior friends. Also now I know his name. And turns out his a great guy ,approved
auoyw1ro,comment,,His name is denish,approved
k0e75j3i,comment,,Bhai dhamki de raha ya enquiry?,approved
mrcautv8,comment,,Danish bhai,approved
nreu9gnf,comment,,And his name is john cena,approved
pa82epaj,comment,,Taro baap chu,flagged
yuzeukwq,comment,,Kon budbak afwa faila raha hai ,approved
z4ojymcf,comment,,Is he punjabi?,approved
6g4khf,post,fine shyts,are there really any fine shyts in our uni? fine shyt && not huzz? if yes who,flagged
2fedvu4d,comment,,a fine shyt is a blessing but a huzz is a lesson. a fine shyt supports you while a huzz supports your homies dick after yours. ,flagged
8konog7e,comment,,What's the difference between fine shyt and huzz?,approved
9cutcg1y,comment,,Average fine shyt in Adani University ,approved
9qroe3ma,comment,,I'm a fine shyt 😚,approved
c7tujg0j,comment,,Bro woke up and chose violence 🗣️,approved
hwkucz00,comment,,bro literally said huzz before bruzz ,approved
i4f1usg6,comment,,Catfishing hori 😂,approved
iy1a4fzm,comment,,Going on a date with my boyfriend 😍,approved
n43u7tvj,comment,,We should kill them all 😈,flagged
qkk1ld88,comment,,Damn,approved
t7l89wze,comment,,gay+huzz,flagged
uw752hrk,comment,,damn watchu doin on 14th (2 straight men btw),approved
ze0ftyko,comment,,Yes there are fine shyts and huzz in our uni but they are all taken by the bruzz',approved
6sruol,post,A fresher guy confessed to me today ,"It was evening time - around 5pm. I was sitting in the triangular garden alone, watching some guys play cricket. My friends had already left. That's when this guy (cant reveal name for obvious reasons) approached me and said that he needed to ask me something.&#x20; I thought it would be related to exams since they have mid sems coming up soon. But then he said that he really likes me, in the most corny way ever and asked me out for a date. I was disappointed, the boy really had high hopes fo...",approved
2hc8il13,comment,,"abhi abhi naruto dekha kya",approved
3zcxsffo,comment,,Ye lodu nahi padhta,flagged
46c3undg,comment,,Scooby doo,approved
58ghlwwx,comment,,Haan ji ,approved
a5iczst0,comment,,politely ?,approved
awtlg25w,comment,,Say on skibidi if this is true,approved
i4rayi4n,comment,,Bro thinks he's everywhere. You don't have sharingan buddy,approved
jveio6ow,comment,,wdym by corny and what exactly did he do? (so i ik what to not do 😭),approved
o7dmyn36,comment,,"I have been sitting in the triangular garden for last week during evening time and I can confirm that I haven't seen any such incidents 
Not even a guy approaching and talking to a girl (I am from second year so I know my juniors a d seniors too)",approved
vsbahoaz,comment,,bhai everynyan ko wattpad bana diye. I dont believe this fake made up story,approved
vuzfqfwy,comment,,Isliye teri observation haki kamzor hai ,approved
w53igouy,comment,,Do as you please,approved
z5dqpseh,comment,,tum itne free kaise ho second year ki toh end sems aa rhi hai na,approved
6ygaq7,post,Is there anyone familiar with JSwing or JavaFX? ,"*hello* **world**. type away your post, in <u>markdown</u>.",approved
bcs6c6mi,comment,,My friend is learning it,approved
jfaq3pep,comment,,"> girl
> seen 'him'
🤨🤨",approved
uizjjg7n,comment,,Bro ask that girl with specs I seen him doing java in library ,approved
vj6m7cdl,comment,,Chodu lol ,flagged
x6l1dxds,comment,,we got transgenders in college before gta6,flagged
70a9uh,post,👁,"""Nazar ko nazar ki nazar na lage Koi accha bhi iss kadar na lage, Tujhe dekha hai iss nazar se, Jis nazar seh tujhe nazar na lage.""",approved
4nfnsbes,comment,,Jordar bhai,approved
fy1e8e0q,comment,,Ek baar Manishekhar Sir ke saath nazar ladake dekho maza aayega,approved
p3c4g6gp,comment,,Let him cook,approved
q9jwiip4,comment,,Shayar hoon gay nahi,flagged
740lox,post,edm recommendations ,"just listen to vluarr once

the drop in ""ascend"" is just🤌",approved
vn61o8f9,comment,,Shut the fuck up ,flagged
7p8uhv,post,Brainrot people assemble,I have noticed that there are some people in our college that use brainrot terms. Batao kon kon hai,approved
5lyq8lej,comment,,Bro said assemble like all the skibidi rizzlers gonna come together in unison and with their balkan rage gonna 360 no scope lingaguliguli shnawg. Bruzz aint getting any huzz till 12 December 2024 when the world will end as squidward said. ,approved
6hm6bud6,comment,,"I really felt it when captain gooner in avengers : skibidi rizzlers said ""SKIBIDI....ASSEMBLE"" MANGO MANGO MANGO. THOSE WHO KNOW💀💀💀🥶🥶🥶🥶 ",approved
6xu4fiu4,comment,,"Meeeeeeee(In beta male voice, bouta get mogged(",approved
ebhaolgz,comment,,Mai ,approved
g37n6vo2,comment,,"Bro doesn't know hailed welch has given me the secret sauce on the talk tuah podcast, I will deflect ur attacks caseoh style",approved
ma62cdwj,comment,,"Stop yapping lil nigga, I'll kill you",flagged
msfrb9ef,comment,,Who's gonna tell bro? 12 december has passed away 😔💀💀 ,approved
u45nnpyv,comment,,That witch will not fair against me! My glorious blue eyed king will save me and then inseminate me 💙,approved
wplj5pey,comment,,Mb its hailey welch autocorrect ruined the name of my queen ,approved
yqdmpp49,comment,,"It's me the Ohio Rizzler
",approved
87jydi,post,I like intellect girls,"I like Supal from 2nd year ,she is very smart, cute🫠🫣, and knows how to talk to people nicely.Are you up for a date🥹?? &#x20;",approved
474zcs7i,comment,,Yes 24 dec after exam date fixed,approved
83pzfvkw,comment,,"to talk to people nicely, be nice 😗",approved
z3sqeprj,comment,,Chup hoja,approved
8r5jlv,post,If partner=='jiaan': love==true ,"*There is the guy named jiaan. Dil avi gayu che yrr...very humble...very charming. I saw you playing table tennis another day, such a player. I want to play with you(table tennis). Please meet me in MBA garden between 12.40 to 1.30.....iykyk*",approved
4ajrb22c,comment,,Oye hoye,approved
4hqpgigh,comment,,Someone call 911🥵🥵this guy is on fire 🔥 ,approved
8gtsr5ku,comment,,Tts💦,flagged
f80pq4yj,comment,,2 rupay ki Pepsi Mera Bhai sexxyy 🔥💥🔥👉🏻👌🏻,flagged
jwgm40uv,comment,,Bc date toh bola hi nhi konse din aana hai mba garden ,approved
kvav7ckf,comment,,I like the way you play tt❤️🔥🔥,approved
o0tyt0dh,comment,,Maa chudau 🙂🙂,flagged
rdto9b6y,comment,,"platform ka sahi istemal👏👏👏
proud of you guys!
",approved
v4wrn458,comment,,😳😳 Say that again,approved
zc5qgw9b,comment,,Jiann oppppp,approved
8sbptr,post,Pata nai sabko ashvi me kya dikhta h ?,Ek baar usko hasta hua dekhlo sab kuch bhulake uske mu pe mut kr chale jaoge😏,approved
odrgdzgd,comment,,Yeah she is kinda shit looking ,flagged
8uqbus,post,Bkl rishab,"Rishab tu jis din parking me akela milana tujhe tab hi chhod dunga saale

Aasvi se dur hi rehna saale

Your well wisher,

-Dhruv Panchal",flagged
1o1fxh05,comment,,tu bhi door reh bsdk,flagged
2b1o3mze,comment,,Mardarchod rishab,flagged
70ytbrow,comment,,"Dhruv bsdk tu to chup hi reh, khud to har ladki ke pichhe kutte ki dum jaise ghumta rehta hai",flagged
bek4nyo9,comment,,"Tum sab dur raho
Aasvi meri hai",approved
pg42y9ez,comment,,bc yeh ladki kon hai abb?? ,approved
q8av2k7q,comment,,college pagal ho chuki hai is ladki ke pichhe,approved
uno1jwqt,comment,,Dhruv lode tu bhi door re usse ,flagged
znhctr49,comment,,"Tum sab dur raho
Aasvi meri hai",flagged
90rigl,post,Song Review (Which version is better??),"1\) [https://suno.com/song/3e56b69a-4b71-40a0-b493-7538720f96dd?sh=0hggyUUTNF6jxWDE](https://suno.com/song/3e56b69a-4b71-40a0-b493-7538720f96dd?sh=0hggyUUTNF6jxWDE)
2\) [https://suno.com/song/502c7fce-e472-4c26-9263-a0447299b517?sh=LUCdxixQpY8l9RZ8](https://suno.com/song/502c7fce-e472-4c26-9263-a0447299b517?sh=LUCdxixQpY8l9RZ8)",approved
982s5t,post,Nirav Mehta CSE B 2nd year,Nirav I feel you attractive I have seen you in library I am asking for a coffee date please ❤️❤️😘😘😘😘🤤,approved
3zl1friv,comment,,Peak 😭😭,approved
4ee1ne7o,comment,,Nirav's gonna enjoy doing both frontend as well as backend with this person 😩🥰🍑,flagged
8obvs8cz,comment,,Lingan guli guli wacha,approved
b4qzself,comment,,Roasted*vine boom*,approved
cggl2nsa,comment,,Freaky ahh girl,approved
d8rbepoz,comment,,"ile, sloppy, moan inducing, heart wrenching, spine tingling, back breaking, atrocious, gushy, creamy, beastly, lip bitting, gravity defying, nail biting, sweaty, feet kicking, mind blowing, body shivering, orgasmic, bone breaking, world ending, black hole creating, universe destroying, devious, scrumptious, amazing, delightful, delectable, unbelievable, body numbing, bark worthy, can't walk, head nodding, soul evaporating, volcano erupting, sweat rolling, voice cracking, trembling, sheets soaked",flagged
du5kx5fr,comment,,"girl, get some toys already ",flagged
ezddlje5,comment,,How about you fix your devops🤣🤣 and maybe get some QA ,approved
iy106ovi,comment,,You'll pay the bills tho 😇,approved
l6iy8buh,comment,,"hair drenched, flabbergasting, lip locking, skin peeling, eyelash removing, eye widening, pussy popping, nail scratching, back cuts, spectacular, brain cell desolving, hair ripping, show stopping, magnificent, unique, extraordinary, splendid, phenomenal, mouth foaming, heavenly, awakening, devils tangos, he could put a nuclear bomb inside me and I'd still ride. ",flagged
mfzrhvou,comment,,"no lube, no protection, all night, all day, from the kitchen floor to the toilet seat, from the dining table to the bedroom, from the bathroom sink to the shower, from the front porch to the balcony, vertically, horizontally, quadratic, exponential, logarithmic, while i gasp for air, scream and see the light, missionary, cowgirl, reverse cow girl, doggy, backwards, forwards, sideways, upside down, on the floor, in the bed, on the couch, on a chair, being carried against the wall, outside, ",flagged
mjh4ebrb,comment,,I can bet this comment author is a boy,approved
ozlu265w,comment,,Bazinga!,approved
pr1ka756,comment,,"in a train, on a plane, in the car, on a motorcycle, the bed of a truck, on a trampoline, in a bounce house, in the pool, bent over, in the basement, against the window, have the most toe curling, back arching, leg shaking, dick throbbing, fist clenching, ear ringing, mouth drooling, ass clenching, nose sniffling, eye watering, eye rolling, hip thrusting, earthquaking, sheet gripping, knuckles cracking, jaw dropping, hair pulling. teeth jitterbug, mind boggling, soul snatching, overstimulating ,",flagged
q37jvsr8,comment,,"i'm a tea person 
now fuck off",flagged
q7nhpu4t,comment,,"dont be so rudde babe
",approved
te9sqx1a,comment,,Bill collector reference??,approved
wh1klurg,comment,,"im an asshole and this is how i talk
leave me alone ",flagged
xk1oku8s,comment,,"30 farvari ko 2 baje aana ha 
",approved
a2nn4k,post,Regarding the akshat consipracy,"Akshat from CSE-A is a good person in my opinion. Pls dont post bad about him, hes my pookie. Plus he already has a girlfriend so dont target him 😡😡👅",approved
a58r0g,post,Regarding the akshat consipracy,"Akshat from CSE-A is a good person in my opinion. Pls dont post bad about him, hes my pookie. Plus he already has a girlfriend so dont target him 😡😡👅",approved
a8rt7m,post,that guy from my class is so annoying,"jab dekho tab call kar deta hai aur class/lab me kya hua puchta rehta hai.

he's like a dog who you feed once and then he's with a bowl in a mouth begging for food every time",flagged
5omqt1dy,comment,,doggy style krdo uska,flagged
asgo41,post,Help kardo,"Maine df me kuch bhi nahi padha hai, fail ho jaunga. Koi imps de do&#x20;",approved
h574010y,comment,,Hanuman Chalisa kar le bhai .... ,approved
lsozg33d,comment,,Allah ke bande hasde,approved
obtzqyf7,comment,,Kya re bhikmangya ,approved
ojt2idc4,comment,,Neso Academy ki playlist karlo aaram se ho jayega,approved
v04028xe,comment,,Kis katue ne aake dislike kia 🤬,flagged
av5bvx,post,Mani and Akanksha💦💦,[*https://youtu.be/g5aVX-pcHFc?si=gIZe\_lyGHkhvuldc*](https://youtu.be/g5aVX-pcHFc?si=gIZe_lyGHkhvuldc),approved
51hugl5u,comment,,CRAZY,approved
avca46,post,Suggestions for freshers ,"Don't chase leadership positions in aspire. You'll just be running around doing donkey work while everyone else is enjoying.

And you've got no chances of getting selected. Despite their claim of free and fair elections the system is rigged.&#x20;

Don't you wonder why there's so few people from 2nd year competing?",approved
0d5qw78l,comment,,Khud sikh le landbhagat,flagged
22th65o7,comment,,Baap hai to tameez sikha ke bata,approved
aum8399q,comment,,Tera baap hu gaandu tameez se baat kar,flagged
b522fz1j,comment,,muje kya me to batak hu,approved
cg5mjd42,comment,,Uhm akshually one fresher girl did get selected ,approved
cnqnnxxi,comment,,"Chuze chaddi me reh, par nikle nai aur udne chale lol",flagged
hcq4pbig,comment,,Jaana lund kahi select bhi nahi hoga tu,flagged
je8j9wnp,comment,,No way,approved
mz77ndp2,comment,,Mujhe to 2nd year vale cowards lagte hai 🤡🤡,approved
tcmrjkpq,comment,,Teach me daddy,flagged
ymopqidf,comment,,Aane de aspire me bhosde khol dunga innke,flagged
awzpbe,post,Bro it's not that deep 😭 🙏  ,"Someone in the leadership meeting just said that ""**we'll create a family that will die for each other**""",approved
8hgegv9e,comment,,Chup kar chaiwale,approved
c8pubau8,comment,,Desh ke elections se jyada to log ise seriously le rahe lmaoo,approved
ixivvb45,comment,,Tu chup kar katuve owaisi,flagged
paxggnd2,comment,,Tu chup reh owaisi mulle,flagged
thkdzcwg,comment,,"""hindurashtra/fatwa-e-hind/tukde tukde gang"" ahh mentality 😭💀🔥",flagged
yn6uqrms,comment,,Blud thinks he's Vin Diesel,approved
b7armt,post,i really like shravan🥵🤤,"he is so humble, soft spoken, friendly and respectful and treats everyone equally&#x20;

i really wanna commit a healthy relationship with him🥰😻",approved
3ufkn8gx,comment,,Bro is goofy from Mickey mouse,flagged
9adnq7lp,comment,,The one with bitches,approved
bc3z6mth,comment,,"Nah👎
His bitch ass personality sucks ",approved
bved8sot,comment,,"shut your bitch ass up 
my bro is a good guy 
get a life loser",flagged
eacs0d85,comment,,"that's some good choice right there
great guy to date",approved
h2xne4fk,comment,,As a fellow Shravan hater I agree 👍💯,flagged
hs6ch8ma,comment,,you geniune lover 💋💏,approved
s9om4x8c,comment,,𝓯𝓻𝓮𝓪𝓴𝔂 ,approved
thx1up5p,comment,,Okay which one of you guys is it?,approved
ves8llzn,comment,,you can't match my freak🥵,approved
z2mq15xz,comment,,matlab mere friend circle se koi nahi. hmmhmm,approved
b7svzh,post,Life's amazing!!,"Sometimes I feel like my life is a glitchy video game, and everyone else got the fun missions while I’m stuck chasing invisible coins.My college feels like a beta version of an educational institution, where the cafeteria food has more plot twists than my career path. The highlight of my week was when a pigeon stared at me for three minutes straight, and I genuinely felt it understood my existential crisis. Life is just a series of pop quizzes I didn’t study for, and my answers are always -- Pre...",approved
gouf4i7i,comment,,sanDEEP maheshwari 🫡,approved
hv1ays0l,comment,,"that explains, ""Life is the most difficult yet beautiful exam, many people fails because they try to copy other, not realizing that everyone has a different question paper""",approved
qwk5v4e3,comment,,Philosophy jhaadi jaa rahi 😎🤏🏼🙂🕶️,approved
ba845r,post,Clg sucks ,Now final paper will be of ***<u>100</u>*** marks...😭,approved
1nfsu0zb,comment,,"cry about it lol, it's only a game why have to be mad?",approved
2cf4qmfi,comment,,But it'll be so easy for u guys to get a passing marks ,approved
6top6mef,comment,,Padh le lode kabhi to,flagged
74efb7jy,comment,,"Padh le bhai
Gyan chhod ne marks nahi aate",flagged
wxzaij29,comment,,"definitely worst thing they could've done
🖕 adani university ",approved
brazsj,post,whatever,man in the **box**,approved
c5u27x,post,It's a tie in carrom!,No one's getting roasted today—debate and settle it on EveryNyan.,approved
a2agzjsl,comment,,Shut up,approved
c701qz,post,Story,Continue the story in comments,approved
025saoos,comment,,"then came an angel in his life
that changed his life other way around for good",approved
3b7pmirl,comment,,"Angel used her powers, made chutmarika pregnant, now he will give birth to their child",flagged
4we9tptv,comment,,"He aborted the child and the child became an angel, gender unknown",flagged
cqdvib6g,comment,,"then came an angle in his life
and his life started changing other way around ",approved
f1y8eojo,comment,,average touch deprived wattpad writer ahh comment,approved
gniehcjm,comment,,Once upon a time ,approved
i5v2hc9q,comment,,Is this guy by any chance from CSE 2nd year?,approved
j71h3jp8,comment,,he was known to be a bhadwa and sucked them all,flagged
m1fcn91v,comment,,then that chutmarike fucked that angel's body and her soul got orgasm,flagged
mwjiuxna,comment,,but the angel got killed,approved
ra5vncaz,comment,,there lived a chutmarika,flagged
si9r7snw,comment,,He had an insane sloppy blowjob jutsu,flagged
uq3d7s05,comment,,He was freaky af,approved
w03wn7ci,comment,,stfu,flagged
wdhrh0tb,comment,,at least i pull girls,approved
xxeq2cn3,comment,,Absolute cinema ,approved
c8z7ji,post,Jenica confession,"Jenica, there’s so much about you that I admire. Your smile, your kindness, and just the way you carry yourself are truly special. You’re beautiful inside and out.",approved
dnkwi9p3,comment,,Catfishing ho rahi ,approved
osvrdruq,comment,,"Thank you !

Well we can meet sometime",approved
slfx17ng,comment,,Thank you 💓 ,approved
ckpaxr,post,chut mari ke saale bhadwe hitarth,*imma slap you and kich your ass one day for sure*,flagged
3k133wg0,comment,,"that one mf is basically babil khan, became that kandha of my talking stage to listen to  her rant but tbh she was on the fault and ass to kick hogi saale ki very soon",approved
4csh7z3k,comment,,"that one mf is basically babil khan, became that kandha of my talking stage to listen to  her rant but tbh she was on the fault and ass to kick hogi saale ki very soon",approved
6s1b0jsg,comment,,*kick hota hai meowdarxhod,flagged
8fw1ffzh,comment,,"that one mf is basically babil khan, became that kandha of my talking stage to listen to  her rant but tbh she was on the fault and ass to kick hogi saale ki very soon",flagged
9j1thvge,comment,,"that one mf is basically babil khan, became that kandha of my talking stage to listen to  her rant but tbh she was on the fault and ass to kick hogi saale ki very soon",flagged
9ouevman,comment,,how bro felt after spamming same stuff again and again: 🗿👿🦹,approved
9s3minhq,comment,,"that one mf is basically babil khan, became that kandha of my talking stage to listen to  her rant but tbh she was on the fault and ass to kick hogi saale ki very soon",flagged
g6e0hld9,comment,,this kind of quality content is what I signed up for. care to share the tea?,approved
gku8dq5v,comment,,"that one mf is basically babil khan, became that kandha of my talking stage to listen to  her rant but tbh she was on the fault and ass to kick hogi saale ki very soon",flagged
hvv3dkoe,comment,,"that one mf is basically babil khan, became that kandha of my talking stage to listen to  her rant but tbh she was on the fault and ass to kick hogi saale ki very soon",flagged
lraqgiz7,comment,,"that one mf is basically babil khan, became that kandha of my talking stage to listen to  her rant but tbh she was on the fault and ass to kick hogi saale ki very soon",flagged
oijfx6xu,comment,,"that one mf is basically babil khan, became that kandha of my talking stage to listen to  her rant but tbh she was on the fault and ass to kick hogi saale ki very soon",flagged
rf6tehli,comment,,grammar nazis have arrived ,approved
snklyvid,comment,,"wow jaldi jaldi typo error bol deta hu 
baadme riya ke saamne english ka flex bhi to krna h ",approved
u8mhtjug,comment,,"that one mf is basically babil khan, became that kandha of my talking stage to listen to  her rant but tbh she was on the fault and ass to kick hogi saale ki very soon",flagged
vty7gwon,comment,,"that one mf is basically babil khan, became that kandha of my talking stage to listen to  her rant but tbh she was on the fault and ass to kick hogi saale ki very soon",flagged
xvfkc6j5,comment,,"that one mf is basically babil khan, became that kandha of my talking stage to listen to  her rant but tbh she was on the fault and ass to kick hogi saale ki very soon",flagged
z8kyx1ah,comment,,"that one mf is basically babil khan, became that kandha of my talking stage to listen to  her rant but tbh she was on the fault and ass to kick hogi saale ki very soon",flagged
cmecgw,post,Confession for a girl from 2nd year....,━━━━━━━━━━━━━━━━━━━━━━━━━━━━━━━━━━━━━━━━━━━━━━━━━━━━━━━━━━━━━━━━━━━━━━━━━━━━━━━━━━━━━━━━━━━━━━━━━━━━━━━━━━━━━━━━━━━━━━━━━━━━━━━━━━━━━━━━━━━━━━━━━━━━━━━━━━━━━━━━━━━━━━━━━━━━━━━━━━━━━━━━━━━━━━━━━━━━━━━━━━━━━━━━━━━━━━━━━━━━━━━━━━━━━━━━━━━━━━━━━━━━━━━━━━━━━━━━━━━━━━━━━━━━━━━━━━━━━━━━━━━━━━━━━━━━━━━━━━━━━━━━━━━━━━━━━━━━━━━━━━━━━━━━━━━━━━━━━━━━━━━━━━━━━━━━━━━━━━━━━━━━━━━━━━━━━━━━━━━━━━━━━━━━━━━━━━━━━━━━━━━━━━━━━━━━━━━━━━━━━━━━━━━━━━━━━━━━━━━━━━━━━━━━━━━━━━━━━━━━━━━━━━━━━━━━━━━━━━━━━━━━━━━━━━━━━━━━━━━━...,approved
ctin83zq,comment,,You and your little bieber EDGING in the back of your RAV4 in the car park of BUCADIBEPPO,approved
oj2f175a,comment,,Bsdk edging kar raha sabki,flagged
cqhn4r,post,For first year students ,Rate your seniors,approved
1p50q3ls,comment,,bhai acche hi hai vo bhi,approved
2akx9vxv,comment,,10/10,approved
5ncxmhpo,comment,,Arre ese naa kahiye ,approved
b1mdb3fr,comment,,3rd year seniors are more better than 2nd year in terms of behaviour,approved
d4q6tc5t,comment,,"shravan is like ""wow kya ladka he, very handsome boy"" 🥵 11/10
nirav is the biggest piece of shit looks like a match stick which is half burnt -10/10 🤮",flagged
dtjef3ju,comment,,Seniors are good .,approved
f33jhgpu,comment,,Here we go,approved
gqtwkx5t,comment,,nirlaj tu phir aa gaya,approved
l0itg5bm,comment,,"Thank you bhai
I love myself",approved
lahqapdh,comment,,Seniors are best ,approved
nk24r7i1,comment,,mujhe kya mai to batak hu,approved
tcpjhfyn,comment,,2 rupees ,approved
uui0hy09,comment,,bros spittin fax,approved
xxy72n4e,comment,,self sexual,flagged
d5cvmb,post,For 2nd year students ,Rate juniors,approved
20a9v61d,comment,,Dalle hai sab ke sab ,approved
mcy8vtih,comment,,PDA ke chode,approved
rqo8x52o,comment,,kys,flagged
darfty,post,I also like niravvv,"*hello* **world**. type away your post, in <u>markdown</u>.",approved
04wy1zbi,comment,,Yeah me toooo😍😍,approved
9l6edi11,comment,,Yeah me too,approved
d6ilboac,comment,,"""also"" kya hota hai? kitne log pasand hai bc",approved
j52n9kvl,comment,,"lol bad choice, skill issue have some standards ",approved
q56i3q1p,comment,,"ikr he's so hot 🔥 
I hope he doesn't have a girlfriend 😭",approved
tsl7ibip,comment,,nirav ne khud likha hai kya?,approved
db7jh8,post,The boy with the square shaped watch and having white thread worn. Different is unique 👌 ,"*hello* **world**. type away your post, in <u>markdown</u>.",approved
3noi5g4i,comment,,Abe naam lelo,approved
6dduzxdm,comment,,wohu,approved
eob5zz2q,comment,,wtf is that ?,approved
ngnarr44,comment,,me nahi bataunga,approved
xxme7twt,comment,,wtf is that ?,approved
dobl5v,post,plz helpp!!!!,"how to approach a girl in non creepy way and without making her uncomfortable?
(i expect some real help >\_\< )",approved
0292gd59,comment,,Ask their friend circle to introduce you to them,approved
0ioa54h5,comment,,"that's the only reason i dont approach to any girl in clg 
but you gotta do that for great things ",approved
3ryg5iks,comment,,wait I'll ask seniors. general rule of thumb: maintain a balance between being desperate and sigma,approved
8o9oq3uk,comment,,are bhai bhai ye to mushkil hai,approved
9asu9ouc,comment,,Bkl pehle apni batchmets se to bat karle,flagged
c6hxdng2,comment,,"Respect her space and find some solid reasons or common ground then you are good to start
Once you guys start interacting just make sure to be clear with your intentions and try to know what she's thinking 
don't rush!",approved
ktf5exbs,comment,,any solution?,approved
mvicgxaq,comment,,bro same here i like a senior idk how do i talk to her,approved
mvswujdh,comment,,jus approach by saying hi and with a solid reason like asking for a help or something then jus start being honest like i approached becos i think you are really cool and never felt like this with any one else. so would u like to have  tea or coffee sometimes ....,approved
p78e4now,comment,,Ab love gurus gyaan dene aa jayenge 🤣🤣,approved
qiycdkrt,comment,,Gyan ke liye hi post likhi hai chodu,flagged
t37gq3ai,comment,,"Don't be ugly, always works for me",approved
wn029klo,comment,,"Bhai there are people everywhere with her 
",approved
dv5jqc,post,first post on development board,"hello EveryNyan!
as you've seen in all of your groups we have marketed **EveryNyan** in almost all of your group because the only good thing i.e. ***ASPIRE*** is coming soon
so let's cut all this crap and talk business, this board i.e. Developement board is here to share you updates regarding the platform's development and upcoming features and a way for you to communicate with us right here!
along with that we've also added a new board for *Shayris*  which currently doesn't have anything but ho...",approved
62xq56t6,comment,,Bro is NOT a cat 😭🙅🏻,approved
dkkqicp2,comment,,Bro be talking to himself 😭,approved
epvkzqvb,comment,,i like cats,approved
fnb27r1n,comment,,I ain't reading all dat ,approved
fud5vnz1,comment,,i like you nirav let's have gay sex,flagged
tl6w4fh2,comment,,the voices in my head are getting louder (RKO reference),approved
e9ha34,post,Testing gifs,SAB LODU HAI,flagged
j66r1k1q,comment,,This you ?,approved
jvcsz8az,comment,,Tu lodu saale,flagged
ebpqeg,post,Our college is so boring,"Literally *nothing* ever happens in our college. No events, no drama, no fights, nothing.&#x20;",approved
12k9npfa,comment,,Hahaha lol 😆 🤣 😂 ,approved
xz73e034,comment,,"happens.... Alot can happen. Mere doston ne milkar ek fake acc banaya tha. Hamne hamari class ke ek ladke se chatting chalu ki, us bande se 2din pyar bhari baate karke 3rd din Dick pick mang liya(And he actually Sent us)",approved
ee6307,post,5/10 💅 Sem,How's exam prep going?,approved
4ik2emz5,comment,,Tere se toh acchi hi chal rahi hai lode,flagged
ecg8ia2k,comment,,"it is an even semester 
how 5/10 is possible ?",approved
rknempou,comment,,i was saying midsem so 5/10 means mid😂😂,approved
endxhb,post,Om confession,*I like Om Vinchii's veins. He is too sexy and I want to go in date with Om. Om Can you meet me at triangular garden tomorrow at 11:00 AM?   I am waiting for you*,approved
58rf3pa2,comment,,Bhai bhai bhai bolte ,approved
d1ku2yem,comment,,Sure let's meet tomorrow I will wear green shirt,approved
yp9sg8lu,comment,,saaxy,approved
f5b5al,post,single me talking about romance,"Kya matlab a romance ab sirf sadak cross karte hue haath pakadne tak seemit hogaya h .&#x20;
Romance to zindagi bhar haath pakde rehna nahi tha?",approved
3gfs6ub9,comment,,"Lo aya ek aur PREM KA PUJARI
",approved
87mpi5hu,comment,,Delusional ✨🤣🤣😂😂🤣,approved
ld6hbflm,comment,,Apna time aayega ,approved
fbji7n,post,"doodh si safedi, nirma se aaye, rangeen kapde ki maa c*** jaaye.....","*hello* **world**. type away your post, in <u>markdown</u>.",flagged
fjj7mznm,comment,,Dhona seekh le,approved
rsaui7hh,comment,,skill issue,approved
fe8fz9,post,Dickriding ,Lund choos rahe hai aspire me sab ek dusre ka,flagged
nkjty9jt,comment,,gawk gawk gawk,approved
v2llfjnu,comment,,circlejerking chal rahi,flagged
fjdtvq,post,Cat girls 🐱🐾,"Jo ladki cat reels like karti hai , wo bhi ek used pussy hi hoti hai",flagged
8o9gufot,comment,,MEOW MEOW MEOW MEOW😾😾😾😾,approved
98mkvrq9,comment,,I'm a madafucking Starboy ,flagged
siume2am,comment,,"What's this all about? 
Dont like that mafucka guy 
Who judges  ",flagged
fq41im,post,Can anyone tell meis  this website  only for AU FEST students !?,"*hello* **world**. type away your post, in <u>markdown</u>.",approved
4zsxo4el,comment,,"yep only fest students, current 1st year - 4th year",approved
798swtfv,comment,,for the students of aiie/aufest from year 21 to 28 can use this website ,approved
b8mz2abu,comment,,"oh mb, batch of 21 to 24 is what i meant by 21 to 28 lol",approved
ftaqo8,post,is there any blur fan ?,"i came across song 2 through some memes

and realise how awesome bands they were, turns out they were going head to head with oasis back then😬",approved
1e6t58i2,comment,,it's fine buddy,approved
nah17xkt,comment,,"ops i posted it in confessions 
should've been yap or random😅",approved
furjsa,post,I am legit seeing a shit guy trying for a fresher ,"I am in Library

I saw a guy asking one of his friend to get Insta of a fresher and I know that guy he is a pathetic person and he had some issues with some girl from ict&#x20;

I have also seen that fresher girl in Library a lot and I pray to god for saving that girl from that guy🙏",approved
0uiicp3r,comment,,"Nigga he's a toxic person, idfc if he wants someone's insta or whatever 
And his intentions were nasty fyi (I know him well and the way he asked his friend made it clear)",flagged
2f5ac00c,comment,,"its not like he is doing something wrong. you are jus over reacting. if i was a shy and i like some person even i'd ask my friend to get a insta of the person i like. 

you are jus over reacting. 

dont even think of over reacting to this comment. as my comment is only subjective",approved
4dso4j8s,comment,,i see. reveal the name then. i might cyber bully ,approved
a20wpiim,comment,,Lol I saw him too,approved
gx45hlm8,comment,,Names please,approved
iv4yxz1f,comment,,Samarth CSE-B,approved
v5keujjk,comment,,Ronit CSE-B,approved
g3a79u,post,Jis kisi mei himmat hai aajaana canteen mei ,Saath mei ek samosa date karte hai with chai ka cup. \<3&#x20;,approved
0cmob36r,comment,,"Bhai maaf kariyo tere Armaano pe Paani fer raha, par mai ladka hu :( better luck until next time ",approved
0m11db23,comment,,Time?,approved
1xe1m9f3,comment,,Kal 2 baje ?,approved
75x8sjjc,comment,,Sirf chai ka cup hoga usme chai nhi hogi 😂😂😂🤣🤣😜😜🤪🤪🤙🤙🔥🔥🔥😡😡🤔🤔🤔,approved
c283huko,comment,,"Clg hi nahi hai, end sems chal rahe ",approved
cte9wb4h,comment,,Hmm the react markdown library is tripping ,approved
g4bg0eg1,comment,,Badhiya idea ngl par ab dono apne apne paise se khayenge ,approved
g6r88xux,comment,,markdown parsing error👎,approved
mldb95ow,comment,,Nahi,approved
mtxmo8wi,comment,,"fuck off
",flagged
nzmo763y,comment,,UPDATE 1) so to make things clear-  i am a guy this side toh thoda dekh lena baki agar kisi bhai ko samose khane toh most welcome baki apne paise pe hi khana padega and agar koi Ms. Hai toh the bill is on me,approved
nzn85lys,comment,,Isliye to bol rha hu akele me time milega,approved
o2hfmj8w,comment,,Are dono bhai sath m beth k samose khayege 👍 Bhaichara on top🔝,approved
p4cbt1qw,comment,,Aap batao ,approved
udry3w9a,comment,,"Devs maine less than ka sign use kiya to make a heart and yeh character entity reference form mei aagaye , thoda sa fix kardo. ",approved
ulyxmyf7,comment,,Kar di na chhoti baat thik h chalega ye bhi ajana kal 2 baje to phir,approved
zbrdmm3s,comment,,Lagta hai bohot bura kata hai,approved
g9qjul,post,i am watching everything lil bro ,"sumdi mein jaake whatever you are doing  behind my back na, I can see everything lil bro. there was no need to do that. you could’ve simply said it on my face but smh",approved
2zlgabp1,comment,,abe jaana apne baap ko gaali dena,flagged
rvr0q8nv,comment,,"Are waah dhamki baji ho rhi
bother to elaborate?
",approved
gelp7w,post,Give me some tea in comments,"*hello* **world**. type away your post, in <u>markdown</u>.",approved
0y5voil8,comment,,"There's a guy who's head over heels for a girl but girl keeps calling him bhai and bro, and becomes cold in interaction and that makes him sad",approved
bptc150x,comment,,Pehle khud share kar,approved
gdvhfb5r,comment,,"agreed, most people irl also expect to have some tea without offering biscuits",approved
iyur1vd0,comment,,slawg is that you?,approved
k1ggxxke,comment,,slawg is that you?,approved
k2xjciv4,comment,,Weird analogy hai ,approved
l7gkh25j,comment,,the author of this post is a piece of shit,approved
yzdi6dog,comment,,"A friend of mine likes a girl and he is head over heels for her, but the girl keeps calling him bhai and bro, and goes cold quite often during interactions 
This makes him go on a mental breakdown for days 
I don't know how to help that nigga",flagged
zw7yoeqv,comment,,i think i know this guy,approved
gfndy3,post,People you hate,Who are some people in this college who you hate from the bottom of your heart?,approved
4eoru7l6,comment,,"People who made this thing
specially the one who made interface of this ",approved
6pnxum3b,comment,,Kallu kaliya,flagged
e0d4f3n0,comment,,arre uss BKL ka naam bhul gya....achlo accha hi hai,flagged
ip2q7ljx,comment,,whoops sori didnt had a time to hate anyone i was busy with my shi ,approved
nficxpi4,comment,,"I absolutely despise creeps from cse-a, naam liya to post down ho jayegi",flagged
r7vnaf0f,comment,,"Naam le 
Don't be afraid",approved
sdvyv5ar,comment,,Valid,approved
uvu15p31,comment,,I hat niggers ,flagged
wlfmi4g6,comment,,Long list shuru mujse hoti h,approved
gyu4lo,post,idk man ,"You guys better enjoy the starting years of college, i noticed people in second and first year stressing out , chill man it's life",approved
8ihyr85o,comment,,okay bhai ,approved
gzzsv4,post,Regarding the akshat consipracy,"Akshat from CSE-A is a good person in my opinion. Pls dont post bad about him, hes my pookie. Plus he already has a girlfriend so dont target him 😡😡👅",approved
hng0jj,post,Story,Continue the story in comments,approved
hnw7qe,post,Irshyad irshyad,"इतना चुभने लगा हूँ सबको,
***<u>मैं छुरा तो नहीं हूँ ।</u>***
जानी तुम जितना बताते हो मेरे बारे में,
***मैं उतना बुरा तो नहीं हूँ ।।***",approved
9t0iyxtm,comment,,cringe kys ,approved
khmb3ugh,comment,,Edgy humor 🥶🔥,approved
t6uaq6a9,comment,,Jani as in Aditya Jani? Why is he spreading hate about you!!?,approved
xeic0t73,comment,,jani hate propoganda (but understandable),flagged
z52jsba4,comment,,Shayri hai lodu,flagged
i5c0ml,post,😹 lmao imagine dating in Adani University ,*tu bhi chudega very soon*,flagged
1z1vkszm,comment,,Is that the opposite of bisexual,approved
5x89dcev,comment,,Bro went through the five stages of grief,approved
7hjqwual,comment,,Damn cse-A cant catch a break 😂,approved
8odz9snc,comment,,Imagine being in adani university 🙂😐😞😓😟😥😢😰🥺😭,approved
fasfpn1t,comment,,aaa yehhh digital electronics fan,approved
i19e9178,comment,,Mujhe kya me to single-bit sexual hu,approved
vazrqzr4,comment,,Muje kya me to non binary hu😇,approved
zkt9mwlf,comment,,Imagine being in cse-A (2023 batch),approved
i6jchd,post,I hate girls in our college ,Like seriously half of them are shorter than 5 feet and expecting some KPop gay typa boys Girl you look like you haven't even passed your middle school dhatt muje laga k anime type ladkiya hogi but ye to boni h sab,flagged
0zl31lru,comment,,Ha sab wanna be Taylor Swift hai,approved
1j67zy3t,comment,,"It's me, hi, I'm the problem it's me",approved
4ondweg1,comment,,"Swiftie detected, Opinion Rejected 
",flagged
a9jlt6lt,comment,,Na jhate na chuchi expectations uchi uchi ,flagged
awbjf76b,comment,,"Bhai apne league ki bahar baat kar raha hai, lodu apna chehra dekha hai aine me",flagged
bdihqweh,comment,,Unreal,approved
ehkm5a3q,comment,,"abhi same koi ladki ki post dekh ke aya talking ab some kdrama boys type shi lmao
",approved
f2t2pxqm,comment,,Bro thinks he is brad pitt and want Angelina Jolie or something ,approved
iz7q7w59,comment,,"Well, at least we're short and cute, unlike your test of expectation 😏",approved
ibmxd6,post,Canteen food is shit,"Paneer me bhadwe 4 pieces dete hai, lavdo ne prices aur bhadha diye 🥲. Parathe kacche hote hai, bc quantity kum kar di,chinese itna oily ..fuck this canteen.",approved
98it18pd,comment,,Ek to samosa ki size gatadi aur extra sauce bhi nai dete chindi canteen like clg,approved
xosz124q,comment,,Aaj kal to kuch khane layak hi nahi bacha canteen me 🤮🤮,approved
j2ry91,post,for my girlies,girls on this platform lets come together,approved
9md9qmon,comment,,"Crazy comment kardiya bhai, boom roasted 🔥🔥🔥🙌🙌🙌. Ab Jaake apni phoolon wali chaddar mei Jaake soja ",approved
9mu7bmjb,comment,,Reverse flash aa gaya let's goo,approved
exyv96z0,comment,,I be waking up REAL EARLY to have extra time to be a hater,flagged
gr5mf5yb,comment,,This is what happens when girls come out of their house,flagged
kf1v0heg,comment,,🤣🤣🤣🤣😂😂😂😂 never cook again,approved
kmlyi6xj,comment,,"Women are not good cook, cuz they dont remember kitne time me cooker ki city bajegi, but when it comes to their periods......",flagged
lkdr4cuk,comment,,naa they belong to the kitchen,flagged
nfeduazk,comment,,Jis ghar ki ladkiyan esi post kare us ghar ki diware uchi karke koi fayda nhi h,flagged
ozxn0tiu,comment,,Heyaa,approved
ph6z3mvo,comment,,Bhai itna hate kyu hai comments me tf?,approved
qg32qwr5,comment,,hieee,approved
tknlgpxc,comment,,ohh babee,approved
vkeakxx7,comment,,the hell is goin in the cmnt sec ? ,approved
z3ueic13,comment,,Average day at EveryNyan,approved
j76ykd,post,I just want somebody,I just want somebody to jiggle ma bawlls,flagged
daysl9vy,comment,,saale akhrot tod ke muh me de duga fir karte rehna jiggle,flagged
ycjgsx4w,comment,,Horny ho ra bkl ,flagged
jhtudt,post,Sorry to ashvi ,Muje ashvi ke baare m kharab post nahi krna chaiye tha. I am sorry&#x20;,approved
16r8kj04,comment,,"lmao lil nigga just suck her dick already
",flagged
1c6opimu,comment,,"she is genuinely a good girl dont hate her
",approved
brn804ed,comment,,"Bhai usko jaake sorry bol de, isi bahane baat bhi ho jayegi ",approved
iek6ilk2,comment,,bro agar aasvi ko koi kuch bola to bura hoga uske sath,approved
n9p5d9i0,comment,,Abb kya bhai vo to bura maan gai,approved
p734wj0w,comment,,"she is d2d student don't make her hate college
",approved
skyg9df4,comment,,mera lund bole sorry,flagged
jnrmi9,post,I saw a dog masturbating ,"There's a brown dog in triangular lawn I saw it was aggressively licking it's genitals, Does that count as masturbation?",flagged
39s60yor,comment,,"Now it isn't as simple as it looks. You've to think from the perspective of the dog. You might know that dogs can percept vision only on grayscale. If it was surrounded by other dogs, it might not be masturbation since it's in public. Maybe it's balls were just itching and he was scratching them. It really depends on the context. Could you be more specific with how the dog was touching/licking itself?",flagged
90dc5d6k,comment,,Why are you watching dogs masturbate in the first place?,flagged
dekmg3n1,comment,,Bhai samajh me ata hai ki college me acchi ladkiya nhi hai par iska matlab ye nahi ki dog ko balls lick karte hue dekhega 😭,flagged
demqk61y,comment,,That's some fine reasoning gentleman. I'm also curious about this rather unusual matter.,approved
kdabavmg,comment,,Bro honestly speaking... You must respect their private life too.... As human beings we shouldn't stalk a dog trying to release the stress from their life.... It also has it's own private life and we must respect it ig.... Maybe it is going through depression... You never know.... ,approved
jw7hza,post,Only gay couples in college🌚🍆,"Shivam and Varan, two CSE C legends, were the talk of Adani College. They weren't just your average geeks, coding their way to glory. They were a force of nature, radiating alpha energy and dripping with sigma male vibes. Their bond was undeniable, a testament to their undeniable chemistry.

It wasn't the typical bro-handshake or a casual pat on the back. No, these two were on another level. They'd hold hands, not in some shy, apologetic way, but with a confidence that could make even the sun bl...",approved
kpgt91,post,screw this platform,*a*nother one bites the dust and now this platform is dead as well just like those confession and meme pages on instagram :sademoji,approved
colqwddl,comment,,kys nigger,flagged
kz4ivk,post,Darsh Mahadevia mcd date?,"*hello* **world**. type away your post, in <u>markdown</u>.",approved
l7zdhi,post,Baate unsuni,"Wakt ki bate wakt hi jaane

Jab use kaha mene samjhane

Usne kaho chalo saath me nahane",approved
wtgc4c1a,comment,,"Tumhari shayari padhkar maine bhi ek shayari banayi tumhare liye
Ars kiya hai :
Tumhari batein chu gayi mere dil ko ek pal me
Ke Tumhari batein chu gayi mere dil ko ek pal me
Jee lo aj ka ye pal kyu rehte ho aaj kal me....
Jeevan ka sahara hote hai mitra aur baaki hote hai saap....
ke jeevan ka sahara hote hai mitra aur baaki hote hai saap....
Ladkiya chhod jaati hai aur hum thaame reh jaate hai apna haath..... 
hum thaame reh jaate hai apna haath..... ",approved
l996ex,post,Shravan chodu,"He thinks he is so cool.

No you aren't you bitch ass nigga",flagged
2mjzml2o,comment,,Lmaoo so true ,approved
4cwrww80,comment,,Lagta hai shravan khud comment kar raha abb,approved
514axa93,comment,,Crazy,approved
53w14fjy,comment,,Thik hai bhai,approved
6gqg8abz,comment,,Bro thinks he's reverse flash,approved
74im60gf,comment,,Mere toh friends hi nahi hai ☠️,approved
7fgrx51r,comment,,Uske friends bhi chodu hai,flagged
7qey17bv,comment,,Nah tbh he's actually smart ,approved
8ovflunj,comment,,Fambruh,approved
9qphue76,comment,,Okay bhai ,approved
b7jx9n4s,comment,,Bro thinks he can pull reverse cowgirl,flagged
bn77g39m,comment,,"Jabse aspdc ka vp bana hai tabse to alag hi nakhre hai lodu ke
Lectures bhi nahi bharta fir bhi marks aa jate
Pakka faculty ka muh me leta hai",flagged
e50m74qx,comment,,Sach hi bola hai usne nai,approved
el77a0io,comment,,Yes it's 100% reliable information ,approved
fda3c9sg,comment,,Bro looks like mayank sir with an uglier nose,flagged
g4r1gtps,comment,,Sach me bhai ek number ka chodu hai,flagged
hu4qpahu,comment,,Bro thinks he diddy ,flagged
i5o1cm5w,comment,,"His friends are so sexy
They make me horny af",flagged
imklt8iy,comment,,Agar danish bhai aaj zinda hote na 😔😔,approved
ir1dtmv1,comment,,Hater grindset🍼🍼,flagged
jmglmffc,comment,,You should look sometimes in mirror,approved
l5q4dxpx,comment,,Lekin pichle sem me toh saare proffs female the mu me kiska leta tha?,approved
mxb46ue0,comment,,Liya nahi diya hoga,flagged
nv1ucwuo,comment,,This is his definitely his friend 🤓,approved
p6bb9p2y,comment,,Some guys with crazy ass skills and talent and looks and many more things ...🤤🤤,approved
s0q8dg81,comment,,Are you talking about nirav?,approved
usyih78c,comment,,A fatass guy with humour as bad as shravan's face,flagged
v3ivqacf,comment,,Lmao loner nigga die alone,flagged
xlslaxw3,comment,,Who are his friends!?,approved
z2gtx5mi,comment,,Dene ke liye hona bhi toh chahiye na,flagged
le7dp3,post,Padhai nhi hori,Ha bas yehi khena tha padhai nhi hori 😴,approved
8x4l3rwr,comment,,Kar le bhai,approved
bpq5qwiz,comment,,Comments kitne funny hai 😂🤣🤣 alakh pandey physics wallah 🤣😂😂,approved
oporgydg,comment,,"Kyu nahi hori padhai?
",approved
qg94opsv,comment,,Kyo nahi hori padhai ? Exam bagal me he,approved
ri6imnvv,comment,,Tum kyu kar rahe padhai,approved
txouwph6,comment,,TO padh na,approved
lmsp8s,post,😞,"I admit it, another ho got me finished
Broke my heart, oh, no, you didn't
Fuck sippin', I'ma down a whole bottle
Hard liquor, hard truth, can't swallow
Need a bartender, put me out my sorrow
Wake up the next day in the Monte Carlo
With a new woman, tell me she from Colorado
And she love women, she'll be gone by tomorrow
Who am I kiddin'?
All this jealousy and agony that I sit in
I'm a jealous boy, really feel like John Lennon
I just want real love, guess it's been a minute
Pissed off from the wa...",approved
0vl8j0d5,comment,,Ofcourse if I had talent I would've been making songs not writing it on some reddit clone ,approved
43x78i33,comment,,"bruh spitting bars
(oh wait lyrics from a song or smth)
",approved
aprx64pq,comment,,whats a father ⁉️⁉️ you can feel the pain in his dihh 🤤,flagged
vic94zmi,comment,,Juice wrld was so corny bro. Only some of his songs i find good. Rest are cringe,approved
xu59p37e,comment,,I ain't reading all dat ,approved
lr3o7w,post,maan le,"jaise din ko chahiye suraj,
waise raat ko chahiye chand&#x20;
tu maan le meri baat meri jaan&#x20;",approved
4ka62sot,comment,,Kya rhyme kiya javed ali,approved
da4hhuh0,comment,,Javed akhtar he bkl ,flagged
luqyfz,post,adani mms,bhai ek mms to daal uske baad teri request accept kar dunga,approved
lux243,post,love ka gyan,has anyone felt like. you don't know that feeling of love anymore as if you have never felt it in past 'cause you have been staying away from it for a long time now.,approved
3gfbldez,comment,,unrelatable,approved
wt7b2vkn,comment,,true but i am a chill guy haha...,approved
m3yqsu,post,recommend some good music to listen,kendrick's new album is good if we talking about new albums,approved
n99obrdj,comment,,me to Eminem hi sunta hu,approved
oo47itss,comment,,Nahi maja nahi aaya,approved
tgvugmqa,comment,,Manoj tiwari is a banger fr,approved
mdfgbt,post,I am very bored,Give me some tea please. Spicy ones&#x20;,approved
7lucv3ig,comment,,"☕🍵🧋
Bhai mere keyboard me itne hi tea thi 
🌶️ thoda spicy manga tha isliye ye bhi le",approved
rz5fpi4y,comment,,Gaandu,flagged
mfehga,post,Mid Sem scene,"*mid sem prepration* Kesi chal rhi&#x20;

Aaj Se shuru Kiya hai Mene toh ☠️",approved
3ik8dh23,comment,,Jyada hoshiyari mat mar,approved
eb9jtd28,comment,,Aaj se shuru kiya hai maine (teesra revision) ,approved
mh90ct,post,New,Bohot dino se kuch naya nahi aya,approved
7ojht34v,comment,,laate hai chlo,approved
8l54akoz,comment,,do you guys expect us to post here turtle porn or what ?,flagged
hged61c8,comment,,Apna naam-pehchan to batao. ,approved
sgprs7g5,comment,,Lead the way,approved
uz09wrga,comment,,+1 kuch naya laao yaar,approved
v89lmwbh,comment,,"why dont u guys jus hang out with new people from the uni or something or jus plan a meet up 

anyways i am going to thol lake alone this weekend 
Early in the morning on my bike. if anyone wants to tag along then jus ping me 
",approved
mmi8uy,post,Conffesion,"I like Jenika(khushi) from 3rd year I am from 2nd year CSE&#x20;

Can we meet at pre canteen on monday?

Plzz don't say no&#x20;",approved
00exifcn,comment,,Complain! Taiyaari jeet ki,approved
5ku6c043,comment,,I like her too 🤏💣,approved
buhry11h,comment,,She has 2 names!?,approved
iu4mu26l,comment,,"Oh boy, who's gonna tell him?",approved
llcjqg2r,comment,,ye jenika ka bhi hai aur khusi bhi ? toh mai spider bhi man bhi ✌️,approved
mpbuyk,post,Have you ever heard about dis ?,Deep nuts&#x20;,approved
0t766v5o,comment,,job had bro one,approved
bb74y1g2,comment,,vapas hag diya,approved
otedpnpw,comment,,MB deep nuts,approved
p1ix1173,comment,,okay bhai,approved
peefsy9i,comment,,"bro had one job, usme bhi hag diya",approved
mxg19y,post,Anybody knows if Yashvi Single .??,"From CSE-C , 2 year&#x20;",approved
cqw7ph3p,comment,,damn that seems to be a geniune confession 🗣️🗣️,approved
dwy9qq4m,comment,,Padhle Tharki 😒😒,approved
rn3l1oc9,comment,,damn bro abhi to itne users aaye bhi nahi already chalu,approved
mxx15g,post,To the person you hate,"""Mai to kehta hu iski gaand maarkar isko bhaga dete hai""",flagged
d63fbqp4,comment,,Bc lode ko chhodunga nahi me ,flagged
n1gimh,post,Amandeep is so hot,His biceps 💪🥵 make me go crazy. But he's always busy with his friends. He doesn't give me any attention. I can't say my name here but next time we meet I'll wink 😉. Please go on a date with me 🥺,approved
2smp5b67,comment,,Could be a she,approved
3yv95v8k,comment,,I'm scared ~ op,approved
45j961kk,comment,,Dm on insta -amandeep,approved
7c2rpck6,comment,,Woh jaski ka bhai lagta hai mujhe,approved
96jgutqb,comment,,What's your handle? - op,approved
cp04glvc,comment,,Maybe because he's trolling 🤔,approved
hislfhyz,comment,,thats the conspiracy (dj khaled refrence),approved
k3ws1o5m,comment,,bruh,approved
qyoqy6xh,comment,,"Well why dont you try to approach him directly?
",approved
tkcaxid7,comment,,Tharki ,approved
upe4nqod,comment,,Chill bro its a man ,approved
nbob5f,post,Samart confession,"Samarth from CSE-B 2nd year , I can’t stop thinking about you. There’s something about you that draws me in, and I can’t ignore the connection I feel. I really admire you",approved
7fj8fpgw,comment,,to fir tu bhi kyu gyaan chod raha idhar?,flagged
d29sks4q,comment,,"Someone just seem to have it all, huh? Is your mind stuck in a loop or something? If you really care, then stop playing games and tell him directly, don’t just do it for sack of attention. Who cares if he notices? but I guess you can dream. Maybe you should tell him yourself, I’m sure he’d love the attention, if you get dear because there’s no chance dude…Fortune favors the brave, my friend!! Maybe I’ll just step aside and let you gush over him…Hope he’s ready for all the admirers lining up...",approved
evw36d4g,comment,,theek hai randve,flagged
g1at4y21,comment,,Awww,approved
higqhc87,comment,,Itna hi he to in person boldo ya fir website.at kholo Bas yaha ke gyaan chodna he sabko ,flagged
lkln9zoe,comment,,Freedom of speech? tune apni baat boli mene apni ,approved
np432y0y,comment,,Sometimes it's more about letting things off your heart,approved
rev9n90x,comment,,Arey. Doob gayi samarth ki naiya. Ye budbak to admire karti hai,approved
sznmvekt,comment,,Abe kutte bhaw bhaw hota h,flagged
txybxnty,comment,,I can't get why people are confessing here ! Even if you confess here and even he/she reads it they will never know who was the actual person. Also most important point 99% this is fake but what about the real ones !,approved
ngsfn6,post,Sigma sigma boy,"Every girl wants to dance with you, Sigma, sigma boy, sigma boy, sigma boy",approved
gadms1gs,comment,,Website admin 🗿,approved
j8qyg524,comment,,reporting this as spam,approved
nc4xjb55,comment,,Tu kon hota hai be?,approved
nklazb,post,Erm WTF,"Ride wife life good

Wife fight back kill wife

Wife gone think about wife

LONELINESS Y'ALL BITCHES&#x20;",flagged
c7909ue1,comment,,sdfsfdfsfg,flagged
qjwrv1zw,comment,,What is bro yapping about,approved
y8gtiojq,comment,,Erm what the sigma,approved
nlh93h,post,recommend some good music to listen,kendrick's new album is good if we talking about new albums,approved
9xe0h4ww,comment,,"not the latest ones but  here are some of my favourite:
kanye's graduation
garrix's sentio
green day's american idiot
soad's toxicity
weeknd's after hours
jack harlow's that's what they all say",approved
nswacj,post,Krishna ICT 2nd Year,"Kanchie se door rehna, wo meri hai tu door re",flagged
kv55f34m,comment,,ok bhai 😹,approved
nvnjd4,post,Breaking News: antariksh has officially been relegated to amateur status after this kabbadi disaster,"antariksh getting wrecked in kabbadi wasn't even a surprise, but this level of fumbling should be ILLEGAL. Debate and roast them on EveryNyan!",approved
eh3vjsio,comment,,Lmao crazy,approved
o48vcn,post,who want a lazy rotdu ambitious bf 😔,this is all i have&#x20;,approved
2o86z2xe,comment,,Name and shame buddy ,approved
uc6w82i7,comment,,Yeah everything is anonymous ,approved
whq2g3qy,comment,,Now look at yourself in the mirror ,approved
o8sjkf,post,"Well, there’s this girl… ","She’s smart, fun, and… Pretty? **Beautiful!** She’s got these eyes that just… And this hair, wow, and her smile...",approved
3svlcvpa,comment,,Utni himmat nahi hai bande me 😂😂,approved
dzqzvkqx,comment,,Simp alert 🚨🚨,approved
eelaae0r,comment,,get a life BRO,approved
hid9x9su,comment,,"Same goes for you, everynyan pe timepass kar raha hai lawde",approved
iipvewxl,comment,,Hame kyu bata raha hai jakar ladki ko bata 😂,approved
tiv43zdu,comment,,It's tough to be a boy😔😔,approved
u25huouv,comment,,Average Indian lover,approved
v6g4gyrh,comment,,I see a fellow pewdiepie fan here 🫂,approved
ox9ssd,post,"Oops, spilled","Spotted: R and K, debugging their relationship in a lab. Sources claim they're trying to merge their branches, but will they be able to resolve their conflicts? Insiders whisper they're collaborating on a project... and maybe something more?",approved
8855jezi,comment,,Chill daddy,approved
8hgh9gs6,comment,,Naam bhi bolde yaar,approved
r7bldmts,comment,,damn!,approved
rh5pgdje,comment,,Maa ka bhosda breakup hoga inka ,approved
p5jxu4,post,get good,"nowadays literally anyone would be picking up guitar and mug up a chord or two with some generic ass strumming pattern then start ruining every song out there

pretending as if they are living in the depths of despair, like c'mon you are destined for much better things

i am not against sad songs but making your whole personality around it but not every song can be covered with those 2 3 things and a crying cunt face

you are destined for much better music get some help and get a little bit of o...",approved
6ul0royo,comment,,chutiye upvote button hai,flagged
hkj1tigl,comment,,"very true! mujhse to guitar bajta hi nhi, skill issues ",approved
kut7kpmr,comment,,Kisi ko fingering nahi aati 😤,flagged
uswed0mb,comment,,fingering skill issues,flagged
p9s2mz,post,Aditya from ict-b ,*kyu sab aditya same* hote h?ehh,approved
52d6ccds,comment,,Mera wala aacha hai,approved
j04lf3ev,comment,,Sab aditya chutiye hi hote,flagged
jgi0u5ct,comment,,Mera paas jo Aditya hai vo to chutiya hai,flagged
wsx8xp76,comment,,"Aage aage dekho hota hai kya
Sanp niklega pakka",approved
pes1u4,post,Harsh rathod - the creep,"If there are a million people in this world, then i am one of the harsh rathod hater

If there are a 100 people in this world, then i am one of the harsh rathod hater

If there are no people left in this world, then i am dead.

This nigga dms all the juniors and gets seenzoned. Never seen a guy this desperate or self pretenious ever in my life.&#x20;

What are your thoughts on him?",approved
13mqzqzs,comment,,3rd year me hai,approved
634xo4d4,comment,,Please keep cooking ,approved
bz4fujqm,comment,,This is peak hater grindset ,approved
daxe8h9x,comment,,"Never heard of this guy, konse year aur class mein hai?",approved
psodx5,post,Mid life crisis has now come to early life crisis ,"I am in a phase right now ,in which I don't know what to do with my life, even though having good grades and avg tech skills i still feel lost sometimes.

I can see that in 2-3 yrs all of my fathers responsibility will be mine. It somewhat kinda horrifies me.

I have an option to study abroad and take a job here as well, which i cannot decide.

Even getting a job is not guaranteed nowadays.

What kind of life is this?

With so many options and competition in today's world , i think it has become...",approved
0qnfnjd7,comment,,"That's what i am saying, what people face in their mid life are now facing in their early life and i am in my 20s",approved
3jgk9mhh,comment,,True I also feel the same sometimes. Just have faith that everything will go well,approved
bobl9s68,comment,,Coming from middle class family background. Being in 20s is prime time to do something. This Boys dont get anymore chance,approved
oxk1htsa,comment,,Hey man you're not alone in this. Have faith in yourself and do what you're good at and keep pushing. You got this💪,approved
ton5fhvz,comment,,"You aren't even in your 20s yet, how is this a mid life crisis?",approved
xpie9gm6,comment,,"""Us Bro Us"" bolne wale boht log milenge ,   you are not alone.... Stay STRONG brotha !! Doesn't matter what happens in future, live your present joyfully.... kuch na kuch to ho hi jaayega, mehnat waste nhi jaati ....",approved
yrhxsyna,comment,," I understand your problem. Bhai 
 you can always stay in india and live happy life. Starting points are always rough but you just gotta stay faithfull with process. And Not to stress over this stuff. Let me tell you what i do is I spend some time with my father after the dinner. I see him worned out but still smilling and he is genuinely happy not that he's acting. Minor minor changes help, do small changes... it'll help",approved
pt3261,post,Tea,any new tea???,approved
7u26qepa,comment,,Red Label ,approved
nvyya7wq,comment,,"bro abhi exams aa rahi he wahi boht badi tea he :(
",approved
p32p5wn3,comment,,"Wagh bakri
",approved
qgit7r59,comment,,Taj,approved
q03juc,post,Meow meow meow ,"Meow meow….
Meow meow…..
Meow meow…meow
Meow meow…meow..",approved
0gtn0jz3,comment,,meow meow meow 😸,approved
qlsev19f,comment,,Shut the fuck up ,flagged
q5bwwb,post,I hate boys in our college,I thought kuch k-drama type scene hoga. Hot sexy ladke hoge. I AM SO DISAPPOINTED. Half of them are creepy and the other half have boogers coming out of their noses. Senior batch thodi achhi hai but I don't think vaha chance hai 🫠&#x20;,approved
0pe3q1oc,comment,,you lost me t k drama type scene lil sis,approved
6523jugj,comment,,Girl acting like she's prime megan fox and can pull anyone. Trust me girl no one want you 💀. Plus you watch k drama lmfao 😭🤡 ,flagged
dpshb0qy,comment,,I can relate - meri class ke ladke bhi creeps hai,approved
e9aaxagu,comment,,"Ever heard of ""Skill based matchmaking""?",approved
h6zxlrkl,comment,,Cse-a catching strays left right and straight,approved
k4gluzee,comment,,"Underrated opinion. Girls should approach too. (I am saying girls here, not women)",approved
m5l1qc4v,comment,,cse-a 2nd year right?,approved
namj19pf,comment,,"Believe me - if you ask any senior boy, you would most likely get a yes.",approved
q4udagfm,comment,,cse-a just keeps getting backshots lol,approved
qahjrs12,comment,,Talk about high expectations LMAO,approved
rpmn0iyq,comment,,Ikr!!,approved
v1k3ls2p,comment,,Huh they can't pull,approved
vv4u9x9p,comment,,Lmao cooked,approved
wjjr5iwd,comment,,Ha sab single hi hai,approved
xyuxp344,comment,,K-drama ki duniya se bahar aaja behen,approved
qexfnn,post,"Ladkiya mil nhi rhi, socha gyaan hi chhod du","**Aaj ka gyaan:** &#x20;

If a Cupid shoots his love arrow to a Rapist, he might r\*pe her own sister.....if ykyk




*(don't judge my mentality, u don't know me anyways)*",flagged
8f307rfy,comment,,nvm I'll never forgive myself if I explain this to you....leave it,approved
d41a0a3p,comment,,naah that one's bad ! All candles melted there,approved
knjoiap5,comment,,Kya bhang bhosda hai ye,flagged
sp5r7n5t,comment,,Nahi samjha bhai samjhade,approved
qezr66,post,Vedant from 3rd year has an excellent dick. But he never brings it to college.,"*hello* **world**. type away your post, in <u>markdown</u>.",approved
i9e3i0dv,comment,,Small dick comment,flagged
k8n1r3b0,comment,,"haan, itna bada land agar attached rahega toh woh balance kaise karega. Aur sandas karte wakt uska lund paani mein dub jaayega naa neeche.
",flagged
moiixh9j,comment,,"He has a slave named ""Hugh G. Rection""",approved
qsgkvoor,comment,,Big dick problems 😞😞,flagged
t8et32k5,comment,,Detatchable hai kya?? 😂😂😂,approved
qqswjq,post,🥲,🗿,approved
go4f4ayj,comment,,I'm reporting this post,approved
qu88ss,post,Yowaimo ,If you woke up some random day and realised you have the power of six eyes like Gojo what would you do first?,approved
a09n1y8b,comment,,Yokoso watashi no soul society,approved
ajkm62qm,comment,,I'll kill u first nigga,flagged
c3zzpe1u,comment,,Ye lo aa gaye anime ke chode,flagged
irs1g4lz,comment,,I'd hold the porn connotations here,flagged
quz00v,post,Placement ka kya chal raha hai ? ,"*hello* **world**. type away your post, in <u>markdown</u>.",approved
ndxpd09q,comment,,Last semester ho gaye biradar ,approved
qxepne,post,👁,"मैं जानता हूँ तुम मुझे नहीं जानती,
पर दिल के जज़्बात छुपाना भी तो मुश्किल है,
डर लगता है तुम्हें सब कुछ कहने से,
लेकिन कंबख़्त आँखों का क्या करें,                   हर जगह सिर्फ तुम ही को देखती हैं,
और आखिर तुम ही तो कहती हो,                  आँखें कभी झूठ नहीं बोलती हैं।",approved
njlpwq3i,comment,,aah yes,approved
yhujix5u,comment,,क्या हुआ मेरे दिलजले आशिक. ,approved
r3xyny,post,"jus parody of a song named ""slow down"" by bobby V. i hope you like it. time pass matey lakhyu hatu","Ayo, girl!

I see you over there, walkin' on campus

I’m just tryin' to play it cool, but, uh…

You makin' it hard for me, haha, slow down!



\[Verse 1]

I know you see me lookin' at you,

But I’m tryin’ to play it chill, don’t know what to do

You’re my junior, but I can’t get you off my mind

Every time you pass by, I just wanna make you mine

Maybe you know, maybe you don't,

I stare a lil’ too much, I admit, but I won’t front

Girl, I ain’t tryna rush, just tryna get the vibe,

One smile fr...",approved
a8id32fz,comment,,Hawk tuah,approved
ie4ikhej,comment,,"Oh, hawk tuah? fr? That’s cute.
did your brain lag while trying to think of a real insult? 😂 Next time, bring some actual wit to the table, champ. Until then, sit back and watch me do my thing while you struggle to keep up 🦅💪⚡",approved
ptr31uwx,comment,,Zinda hu so yea ig,approved
qs32nse3,comment,,"""From the screen to the ring to the pen to the king"" ahh response ",approved
rhxzfvpv,comment,,No that's for women👴🏼,approved
rm4jqexv,comment,,Keep cooking 🔥🔥,approved
u2j52qww,comment,,Bruh are you fr?,approved
ree9c2,post,"yrr I have a crush on someone, uska naam nhi le sakta",Name -- Voldemort,approved
5eolm3au,comment,,Grow up lil bro ,approved
i950ot7z,comment,,mera hila le,flagged
l0mcrc9m,comment,,"bro anonymous platform he, naam bolega to bhi kisi ko pata nahi chalega",approved
qea5avs6,comment,,crush hi nhi to kya kruu,approved
vibaoo96,comment,,yeh bhi theek hai,approved
vigygfv6,comment,,Hila ke soja,flagged
rojngs,post,For 2nd year students ,Rate juniors,approved
rwlez7,post,Kon Jita aspire ? ,**&#x20;,approved
b0h85qyb,comment,,No I live under John Cena ,approved
em20ntb2,comment,,"Lode Do you live under a rock
",flagged
rvwgk4z5,comment,,Meri gand,flagged
rzfpkg,post,HIGHEST Package ,"I got to know that our clgs highest package is 8 lpa like tf man ,, anyone preparing for off campus and got more than 10 lpa",approved
2rwzjjay,comment,,"Hell nice 
",approved
3dejv54g,comment,,trashy college ,approved
4qmy11gp,comment,,No way dude,approved
pq15fcq8,comment,,I think iske pehle graduating batch me ek didi ka 22 lpa ka off campus hua tha atlassian me,approved
pu9vw1z3,comment,,yeah the placement scene is very bad in here,approved
ryuzhkrl,comment,,Yeaww agreed,approved
s1e9z4,post,Nuh uh,I hate kfc people&#x20;,flagged
mn4xmu8z,comment,,wtf is that supposed to mean??,approved
ssa3j2st,comment,,lol someone was testing and wrote that thing off ig,approved
s6p7l3,post,Who was that slim boy with glasses?,"I saw him playing cricket at morning. His smile ....,I like his way of playing and motivationing other in their playing.i don't know his name but his team name is captains.",approved
9pov6yua,comment,,His name is het jethva,approved
d12p5844,comment,,Such a stupid guy 🤣,approved
h7i8op2e,comment,,Abe randve ladka hoke bhi confession daalte ho itne valle ho kya bsdk,flagged
nvspwxtj,comment,,Sahi baat hai😂,approved
pb3hjxnu,comment,,Yaa you are right log itne bhi Valle kaise ho sakte hain,approved
pvs2ltnp,comment,,Bhai baat to sahi hai yaha par jyadatar ladke hi hai ladkiyan hai hi nahin,approved
shr6m8,post,CREEPS ,"One of my classmate is a creep. He constantly messages me, like in the middle of the night,he asked me if I am asleep or not and I get gay vibes from him..pretty weird guy(i am a straight guy)",flagged
tc1k2di3,comment,,No one really knows him🪇,approved
yn50ecyk,comment,,I THINK I KNOW HIM!!,approved
shrnwk,post,kurt cobain is my inspiration,"i aspire to live a life like him heheheheheh
lmao dark humour kardiya
relax liberals",approved
5envb408,comment,,"oh wait i can, here's my reply",approved
hi8p5xiq,comment,,Relax snowflakes it's called dark humor 🥶☠️,approved
k9j05jf0,comment,,"Dear liberals, please relax; what you're encountering is simply known as dark humor",approved
n8ccpz26,comment,,hey man ig im not able to post replies here,approved
ru4grd5k,comment,,"with the lights out it's less dangerous
here we are now entertain us",approved
yhkl8wpt,comment,,"hello hello hello hello
",approved
zhyc2cr6,comment,,"man this college is too mentally stable to feel the grunge of nirvana

breed was the first nirvana song i've head btw :) (hope this makes me a real nirvana fan and yeah i don't wear nirvana tshirt) ",approved
t40qvo,post,Is ujwal from 3rd year single ? ,"*hello* **world**. type away your post, in <u>markdown</u>.",approved
8rqfo1qw,comment,,Yes he's single,approved
tivimx,post,Yapping ,Yapping,approved
2f4xxv5o,comment,,#00000 people,approved
954qflk4,comment,,kfc people,approved
9xlt0c0l,comment,,niggers niggers,flagged
c2ni7nrn,comment,,niggers niggers,flagged
gw7m3osd,comment,,watermelon people,flagged
iu1eu5xi,comment,,fatherless people,flagged
t9h9gjci,comment,,niggers niggers,flagged
u9d513be,comment,,yapp,approved
vqehtwdv,comment,,basekt ball people,flagged
tk6smd,post,EveryNyan is awesome!!,"Super, ***<u>super</u>*** awesome.",approved
4uxzt9zu,comment,,Are you sure about that?,approved
c8fmx3we,comment,,"Shit platform, kiss my ass if you don't agree",flagged
soz6avbo,comment,,Ikr ! Completely agree,approved
tkpuge,post,Im in the rizz of it..,From The Hawk🦅 To the Tuah💦 To the rizz🤫 To demure💅 Brainrot🧠 Tiktok⏰ Thats my scene🌄 I feel sigma when i FE!N🎶 On skibidi🚽 Im tryna rizz 😏you for your gyatt🍑 Ice🧊Spice🌶that thang And make it clap for Kai Cenat🥷 Ohio-o-oooo This is where the sigmas go🗿🍷 Ohio-o-oooo I said this is where the sigmas go🤴 Im into skibidi🧻 Edging with my bros👯‍♂ They suckin on my toes🦶 English🇺🇸or Spanish🇲🇽 And they froze🥶 No point in taxin fanum💸 Cause i goon on my own💧 Forty-something Lunchly boxes🍔 Stored in my hom...,flagged
agyszmdx,comment,,my type of people,approved
bby4fj4g,comment,,Bkl kya likh raha hai,flagged
p7944ty1,comment,,Kaafi saare dank log hai bro college me,approved
pdi8nv7b,comment,,"Hai apni clg mei aise brainrot log ?!
Achha laga dekh ke ",approved
qspwuhyv,comment,,ksi in shambles,approved
u1ehog,post,Maitri ma'am is the best,She increased 4 marks in the DBMS paper. She's so kind and forgiving,approved
036zk4xs,comment,,Chup be chutiye ,flagged
28b7267j,comment,,Chup reh lode,flagged
2h3r1kll,comment,,Jali na 😂😂🤣,approved
5iqv00su,comment,,Mera to nahi badhaya bkl😭,flagged
62m8kl2o,comment,,Woh bohot ghatiya hai saali ,flagged
673gwszp,comment,,Bsdk gand mar dunga ,flagged
829bz8fs,comment,,Me too 🤩,approved
ae9q9ij2,comment,,ಠ⁠_⁠ಠ,approved
d9zxkvtp,comment,,Hat bsdk simp,flagged
e2vepl71,comment,,Zyada fudak mat sale Final exams me mil tu,approved
fgy9iwvb,comment,,"Yaha bhi aa gaya ka kya matlab hai, mene hi website banayi hai",approved
hdggkone,comment,,Bkl gaand mai daal woh marks!!,flagged
hmvnhthb,comment,,I am giving her 5 stars on the feedback form,approved
jx8i3j0m,comment,,Lekin unko padhana kaha aata hai ,approved
mamve3at,comment,,I wish vo aage ke bhi semesters me hame padhaye,approved
mjr3ond5,comment,,regarding teaching right???,approved
ptulg35s,comment,,mujhese bhi mile lo 🫦🫦🫦,approved
qtot208z,comment,,hi guys,approved
u3j3eogh,comment,,Thik hai bhai ,approved
uwdlzwpi,comment,,Ye Shravan lodu yaha bhi aa gaya,flagged
vdqt77wm,comment,,Ha bhai mujhe bhi full marks diye,approved
x0bz7zfs,comment,,Gay 🫵👎,flagged
u2iceo,post,A request to all 2nd year students ,Jab bhi next feedback form aaye tab maitri vaghela ma'am ko worst possible review do aur unhe dikhado hum kya chij he boht attitude dikha diya he ab hamari bari ayegi,approved
01fwmvi2,comment,,Usse achi toh kutiya hai😂😂,flagged
059sm5ac,comment,,I love her bikini pic 🥰,flagged
0e6k8v1y,comment,,esa kya ho gaya bhai/behen?,approved
nmxrs4ry,comment,,"mayank sir ko bhi ganda feedback dena ict vale logo , vrna next sem me bhi tapak jayega aur gaand marega hamari",flagged
ox5hj2fm,comment,,tharki sale,flagged
r24p1uv8,comment,,Ha saali kutiya hai,flagged
tqpurxsu,comment,,"Watch her insta bikini highlights before giving her a feedback
",flagged
xdxhb1wl,comment,,mujhe to achhe lagte hai,approved
uco558,post,Aasvi ,Esa toh kya hei aasvi mei ki sab muhh dho k uske piche pade hei. Kuch dikha diya hei kya aasvi ne jo hamko nahi dikhaya 🫦🍑. When you will see her laughing sab mutt ke bhago ke uske muhh pei .,flagged
46mcoo68,comment,,7 inch,approved
dt1m7ccu,comment,,Ha loda Me dekhyu che hasta ene!!! Tri km gand badi Rahi che! Mne lage che tne ene nai dekhadyy lagtu je ei bija ne batave che 🤨,flagged
usqs0g,post,Regarding the akshat consipracy,"Akshat from CSE-A is a good person in my opinion. Pls dont post bad about him, hes my pookie. Plus he already has a girlfriend so dont target him 😡😡👅",approved
8e26agkt,comment,,Correction - he has 3 femboy boyfriends ,approved
azj4i8r8,comment,,the propaganda is strong with this one 🗣️🔥,approved
lcn70avd,comment,,Correction - he has 3 girlfriends,approved
waez6ykl,comment,,Choos hi lena uska,flagged
uvun9l,post,sick boy is prolly the best album by the chainsmokers,"versatility of tracks is really so good in the album
take sick boy then there's siren, save yourself and comes the beach house, side effects and for something more mainstream pop edm there's this feeling and something like everybody hates me
man i just cant stress enough on how many times ive heard this album over and over again&#x20;
give it a shot, you'd surely find a new addition to your edm playlist xD&#x20;",approved
1j6qwhzo,comment,,nah its mid,approved
j6r8cxjl,comment,,bro who even listens to the midsmokers 😹,approved
z73lg8lj,comment,,"Im in to trance these days 
Suggest some",approved
v3cnvm,post,Confession ,Is Jiya Shah single? I don't know which year she is; I just know that she is a senior. I am posting this today because I saw her preparing for her lab viva in front of the ICt lab. I am posting this late because I was gathering some courage to say this. All I know is that she looks great in specs.,approved
02dkn08p,comment,,She's what? Human?,approved
5z0r5o0e,comment,,She's in third year,approved
6xghxbs1,comment,,I am from her class. She's not commited,approved
dakqru5l,comment,,"Just want to say you've got zero chance with her. Honestly, not even trolling ",approved
ed4f2ecx,comment,,She is,approved
ldjyp04g,comment,,I am from her class and she's commited,approved
rara93my,comment,,I am from her college and she is,approved
v785me,post,lulinvi ulb,"*hello* **world**. type away your post, in <u>markdown</u>. jbkig ki vvku vukvvkvuvkkuvyvk vil vk vku kvjc jvkyjvku",approved
l1wdz4wy,comment,,",cgkgll vhj, jv,khjkcjkg hlkjg k ",flagged
vh6jvg,post,Ek random question aaya dimag me,If a **Succubus** came in a **Rapists** dream....who will feel ***molested or r\&ped***  ??,flagged
0zieg5wf,comment,,"Succubus will feel raped
And rapist will feel molested
",flagged
3531wq29,comment,,Abe anime ke chode padhai kar le exams aa rahe hai 10 dino me,approved
lsah6ti5,comment,,Depends if the rapist has given their consent,flagged
luzff9z3,comment,,Kys for having such questions,flagged
vkgp6a,post,yashraj,"21st december, saturday, is anyone from the uni going to be at yashraj's gig?&#x20;",approved
f0zt44u2,comment,,What gig?,approved
g1mmli5b,comment,,Who's Yashraj?,approved
jz8aum9e,comment,,"oh didnt expect y'all not knowing about yashraj 
",approved
wmm9cs,post,He he ,He he&#x20;,approved
wsj35j,post,hmm,yeh bhi dead hogya,approved
5e8zwqf1,comment,,Seems like it,approved
pcvlhmub,comment,,Sed 😢,approved
wtuwxh,post,He he ,He he&#x20;,approved
wyr06w,post,To all the aesthetics!,"*To all the* people *who are* trying *to be asthetic, some may look good! Par kuch log pls rehne do! Asthetic k 14, chapri, saste shakti kapoor, etc bulate hai log*",approved
q1ec2pr5,comment,,Jinke khud ke kacche fate padhe ho unhein dusro ke kapdo pe comment nahi karna chahiye,flagged
v9aub35d,comment,,"lmao so true, mai thehra camera shy, inn logo ko dekhkrr ghinn aati hai 😂",approved
xixfkd,post,Me at 11:08 pm. Opinions?,"Kabhi socha na tha yun miljaoge tum,
Dil ki dhadkano mein yun bas jaoge tum,
Tum mil gaye toh theek hai,
Warna meri kalam ki syahi ban jaoge tum.&#x20;",approved
d5zi60hm,comment,,Hila ke soja,approved
xn1qm5,post,GIFs on Everynyan,"Salutations bruzz and huzz!&#x20;



GIFs are now available on everynyan in comments. Click on the **Add GIF** button, search and select one, click post comment/reply.



We eventually plan to add them on posts as well. Go wild.",approved
9cxl1j8z,comment,,i like pokemon,approved
t3wirdxx,comment,,i like cats,approved
xpiy20,post,Testing ,Hi,approved
xtwhcx,post,who fw frank ocean ,top 5 frank songs?&#x20;,approved
11aw2cp9,comment,,"oh, try ivy and nights. also move on gang it 2025- op",approved
3ltlct2i,comment,,"Pink + white
White ferrari
Chanel
Seigfried
Pink matter 
(I am 7'9 btw)
(I read women literature and i am a fan of dark romance)
(I love reading wattpad stories)
(I hate periods)
{Can fight them for you}",approved
3m46d3ba,comment,,True bhai. Our college is full of girls who are straight up BTS glazers.,approved
4qzlxvj1,comment,,"Bro he was such a nice guy
I feel bad for breaking up with him 😢😭
I miss him so bad",approved
6saafeg0,comment,,L rage bait. try better next time. ,approved
9o6woxev,comment,,Nah he's mid,approved
bv4i3w1f,comment,,"no girl is falling for did in our college dawg, ion even know if many ppl know him 😭😭 -op",approved
gnnr4piu,comment,,retard ass opinion ,approved
ixkpnfu5,comment,,"I only know pink and white because she had posted that on his story
",approved
jhizvb7s,comment,,Mid ass comment ,approved
k658d0tg,comment,,hate when bitches start talking ab some shubh and anuv jain ,approved
mmedyera,comment,,tried talking to him? give it a shot,approved
nzlbdwym,comment,,Cringe ass comment ,approved
p6xncqb7,comment,,He ghosted me now. I deserve this,approved
u11ifpu5,comment,,damn self aware ,approved
xx1b0x,post,hello hello,"*hello* **EveryNyan**

we've got something important to tell you, EveryNyan is meant to give you a platform where you can express yourself freely and anonymously, ***and with great power comes great responsibilities*** so please be mindful of the content you post here, profanity is okay to a certain extent as long as it doesn't go below the belt and become toxic

we try our level best to maintain a friendly environment in here, still if you find any inappropriate content then report it, we will ...",approved
9opm0pr8,comment,,Never cook again,approved
y50qo2,post,dead ,*P*latform dead ho rakh hai ye :(,approved
2d7u9id1,comment,,"Hey wait I got a new complaint 
forever indebt to your priceless advice ",approved
ek55fmrn,comment,,How I feel commenting before deleting this post ,approved
ydfegr,post,Term End Exam   -_-(Yasu di Balle Balle),"*hello* **world**. type away your post, in <u>markdown</u>.",approved
u4h3y80k,comment,,Bhai balle balle me itna maja aa gaya ki post likhna bhul gaya,approved
xzje1mq3,comment,,"bhai title me hi likh diya padh lena 
",approved
yfgxey,post,haha,you are all losers,approved
gid0jxy2,comment,,Muh me lele ,flagged
q71n1ets,comment,,Tu kon hota hai bolne wala?,approved
x8bml2go,comment,,yele downvote attention seeker,approved
ygqo6u,post,Semen Retention and Its Benefits,"### 1. **Endless Energy**

Why rely on caffeine when you can tap into an unlimited well of energy by, you know, avoiding basic pleasure? Semen retention will have you bursting with productivity (until you crash from sheer frustration).

### 2. **Mental Clarity**

Who needs relaxation when you can channel all your thoughts into *not* giving in to your instincts? Your mind will be sharp—mostly from the intense willpower you’re flexing just to exist.

### 3. **Unstoppable Masculine Energy**

Forget...",approved
0myv44ci,comment,,yeah lets goo,approved
d10qhc4o,comment,,"arre *agar koi bina hilakrr marr gya, sorry vo likhna bhul gya mai, thoda sa gajni hu",approved
jav2f4pb,comment,,"fuck caffeine, drink semen",approved
lbuhmcjn,comment,,agar koi hilakrr marr gya to aap prr suicide encouragement ka case hoga na??,flagged
leywvy6p,comment,,"thank you bro
abb thoda kam depressed feel ho raha
",approved
o6i7malc,comment,,Thoda sa chutiya hai kya? Na hilane ki baat chal rahi hai ,approved
t8xb5bra,comment,,i am on my way to wank for the fucking fifth time on this day after reading this ,approved
yf6rmw08,comment,,brother nahhhhhhhh,approved
yqjnoc,post,I am legit seeing a shit guy trying for a fresher ,"I am in Library

I saw a guy asking one of his friend to get Insta of a fresher and I know that guy he is a pathetic person and he had some issues with some girl from ict&#x20;

I have also seen that fresher girl in Library a lot and I pray to god for saving that girl from that guy🙏",approved
yr08gh,post,Reccomend some shows,Give me recommendations for slow burn romantic shows. btw i hate sitcoms so please don't suggest that.,approved
4buzmcx6,comment,,"Watched , suggest me non animated ",approved
fmusa4n4,comment,,Kaguya sama love is war ,approved
oulkesgm,comment,,Nahi bataunga ,approved
xg1ff5nx,comment,,"Watched , suggest me non animated ",approved
ys211b,post,Akshat from cse a is a creep,That guys just clings to every girl he meets.,approved
1f5aosch,comment,,Yaa,approved
68e95gsp,comment,,tbf he only hangs out with his group who are all boys....... i dont see how he is a creep,approved
6dwz6qxq,comment,,Tu bhi door reh aasvi se wo meri hai,flagged
eoctlxf8,comment,,shut up nigga,flagged
hz7ho9y8,comment,,cse-a is full of creeps 🤢🤮,approved
iq5nhv3p,comment,,omg as a girl I can relate 😂,approved
jrixgn3d,comment,,Aasvi kon hai bc??,flagged
p0ce7msm,comment,,I need to protect my pussy,flagged
ps8vg54n,comment,,"Just to clarify everyone he have a girlfriend, so whoever wrote this needs to shut the fuck up",flagged
qpprozda,comment,,Lodu ka bsdk,flagged
ysl31ftn,comment,,Cse a just getting stray shots at them here 😭,approved
yun3aq,post,Chipi chipi,Chapa chapa,approved
589x72tl,comment,,jimmy jimmy jimmy jimmy,approved
73egd0bl,comment,,Boom.boom.boom,approved
d7nh5mfh,comment,,Magico mi dubi dubi du du du du ,approved
goxsqint,comment,,Dubi dubi,approved
yyejide4,comment,,daba daba,approved
ze10pv,post,I like MacD guy🙂‍↔️,"I like that guy , who took admission in Uni but stays in MacD 24/7.",approved
0xqkie6h,comment,,Are you up for a macD date??😉,approved
3ipbhdjt,comment,,Het jethva on fire🔥🔥heeehee😝,approved
dy4w3q4q,comment,,shut up nigga,approved
imrjqz2f,comment,,Beloved????,approved
ojmx4jcq,comment,,Hottest guy of CSE C ,approved
sjrxg9gs,comment,,"the unofficial brand ambassador of mcdonalds
non other than our beloved het jethwa",approved
srnykjvp,comment,,"sure lets go, how about this friday ?",approved
udtb841a,comment,,Mcd date???,approved
w5412skt,comment,,het jethva is so hot 🥵🔥 but he never talks with me 😔😭,approved
zhjobn,post,Sheena Tisha ,"benchod vo do ladake he sheena Tisha ke grp ke lodu sale ,due rehna varna gand mar denge without oil ,BC koi divas parking ma Malya ne akhu activa gand ma gusavis pachi cell start karto reje",flagged
6eg20kdy,comment,,Firstly Sheena tisha kon hai?,approved
degkodpb,comment,,"platform aya nai aur ladkiyo ke liye ladna chalo, satyanash ",approved
skwx4xdv,comment,,"ladkiyo ke liye ladne vale ladke hi ""self start"" ko ""cell start "" likh sakte h, gawaar kahinke",approved
zmrb0n,post,Adani ka Gyan,Tirth Chokshi ka Gyan,approved
89en6nxg,comment,,LMAOO,approved
hk5pt7fc,comment,,kya re doraemon 😊.,approved
i9z85bk3,comment,,Atleast doremon is useful,approved
k82pn2nl,comment,,who hurt u bro ?,approved
xthsew2m,comment,,"How bro felt after writing that: 🗿
",approved
zpisb8,post,I just started reading Colleen Hoover and its batshit insane,"""Thank you for this baby,"" she says from the backseat. ""He's beautiful.""

I laugh. ""You're responsible for the beautiful part, Rachel. The only thing he got from me was his balls.""

She laughs. She laughs hard. ""Oh, my God, I know,"" she says.

""They're so big.""

We both laugh at our son's big balls.",approved
f5rfedlv,comment,,I've read better smut,approved
l4nql93p,comment,,My favorite work from him is when side niggas start catching feelings,flagged
vp536v1n,comment,,Ese to tujhe ladkiya nahi mil sakti bhai,approved
vxt35o7z,comment,,"ye kya he be, read premchand :)",approved
xa948az7,comment,,Isse acha Wattpad padhle👺,approved
ztxqxn,post,I cant believe what I saw in the college today ,Two boys were having steamy hot gay sex. Haters will say it's fake.,flagged
0kacljyg,comment,,"Ikr, and ik them",approved
bbwv1ue2,comment,,Yaa true I was the steam,approved
jr6y6c2b,comment,,it was us 😏,approved
l17xr024,comment,,No shit sherlock,approved
l78fi8ed,comment,,Nigga shut the fuck up,flagged
n132gx3d,comment,,That's cap,approved
n4z65vzx,comment,,stfu you little swiftie cunt,flagged
p8o3kjy4,comment,,"hi, I'm the problem, it's me",approved
r0snhj4r,comment,,Spill the tea dude,approved
zpqdpn2o,comment,,Who are you!!?,approved
